X,Y,label
150.78676172311387,-33.596672314279,0
152.31607571840743,-30.923498683297748,0
147.04828163683493,-29.258490691695684,0
147.09267274131275,-32.36210110053302,0
146.0484310533307,-32.262208802246505,0
145.81525630198064,-34.618026941821626,0
151.03106302072433,-29.147034193217046,0
146.15296727576143,-35.267643269993386,0
150.01638310859474,-29.728672135716934,0
151.52539841606935,-30.43106652396009,0
150.32514057068448,-33.38199078637041,0
149.69846838632623,-35.7805767029847,0
146.22556116712923,-31.789446712490946,0
149.83849284766043,-35.604424820316424,0
141.51474312006047,-33.63361289712072,0
147.08780743840407,-32.82684984561735,0
148.54526306927565,-34.021908007953634,0
146.17755878859018,-31.273904903068154,0
146.90155569314416,-35.28303246879726,0
148.7140749041505,-32.953974094767254,0
147.7288131501071,-33.53285420435301,0
146.11737988169853,-30.02349096107094,0
148.02364886179845,-31.594283571501954,0
148.58016159987417,-34.853255633646235,0
144.92831796861532,-30.314823140708086,0
144.1298089103605,-30.558862430756736,0
146.19837520352277,-31.389196744386183,0
142.721932203738,-31.18157417783827,0
150.25859348942058,-32.872937357566755,0
145.92077226046663,-29.30448819438481,0
143.42383978218868,-32.30157237597352,0
149.15717286204847,-33.096204673782886,0
150.12725578345,-32.49089679888165,0
141.01138826186443,-32.5159322998927,0
147.23060786860603,-33.56290294542545,0
147.5101976805963,-33.883995790100194,0
145.87054764799032,-31.272015844322276,0
143.63493156987002,-33.36136975818373,0
151.07865604244338,-33.00268579574068,0
142.93750556542943,-29.133806086689013,0
141.97884946116804,-30.019661056831392,0
142.39665315566654,-33.615834105555756,0
148.5110503422074,-33.459258707152536,0
150.5382938800584,-32.996113832530824,0
148.32810497145647,-33.51360477837758,0
148.78765052333696,-31.596325546993388,0
141.7264244520526,-32.325760937393284,0
150.84343207498674,-31.963241445721852,0
145.4481445089019,-35.36681855542419,0
148.35724597040226,-32.05017167234183,0
142.59114738860364,-30.395116860014355,0
151.12574977088371,-29.169942232870966,0
149.68137149489073,-31.302621092463085,0
151.28643978047776,-30.054596124928,0
147.8606540197271,-34.65335364354805,0
144.9864677690058,-34.286464196410805,0
142.51462332194586,-33.97558577816539,0
149.75347042649318,-28.928086082712866,0
149.32586123023208,-34.24063049546626,0
149.58204987057195,-35.871150975870805,0
147.90953269897796,-35.744162223192156,0
147.29402768491533,-31.736803846224543,0
145.88653149692837,-33.162194550787305,0
145.81525066642163,-31.91843898884923,0
145.0094632027289,-30.52176555741471,0
149.0929002836468,-32.1295040940175,0
150.2281597934122,-34.417154608406584,0
150.18120942866912,-28.57586101332489,0
145.06809270398,-30.62606523935788,0
146.9324778442999,-35.67756339211611,0
151.8263900862346,-30.579075483708095,0
142.0769301365049,-33.43657290751399,0
151.6876791214803,-31.85680208163416,0
146.79005205688185,-30.3352365599588,0
142.56135150865072,-30.27605280244276,0
147.44707995004816,-31.033020280104566,0
150.4126113079272,-32.1760863559482,0
149.1084494404936,-33.778381988517594,0
142.3882875231024,-31.7737418661736,0
147.13642348582798,-29.252913888412955,0
145.16741807925536,-33.211574737820115,0
148.62562983101066,-35.631168155340816,0
152.41738940518763,-29.86140564221595,0
142.1908527434496,-30.454641939690525,0
147.95728230725686,-31.34661616901451,0
142.79785719498824,-33.48151476111195,0
145.87804361045815,-34.72575038448514,0
151.64238901464623,-30.69293506433874,0
146.54461003819014,-35.83654850779216,0
151.22885687192377,-29.39074670468112,0
150.552769583161,-29.178344960796693,0
148.0491704020998,-36.359875342531765,0
141.58247440891802,-31.478984894435825,0
148.90796961100125,-29.476635917088842,0
148.03986573053024,-36.091228486975105,0
142.10612275538134,-30.39285252051591,0
141.91138438500906,-31.700087646774776,0
143.7388292273438,-33.170070975616504,0
142.44861303064314,-29.321237924947383,0
152.40089324312768,-29.097766123348833,0
144.31986967076648,-31.46008773650081,0
147.3949819752901,-35.93790139270216,0
144.3614560731305,-35.773859819084734,0
148.32554265493124,-36.37559959142558,0
150.41234355163712,-35.28180773628063,0
146.37882821017357,-34.33012207281099,0
142.78621346113087,-31.62751741491833,0
144.26228629903198,-32.27786416497936,0
151.6994631928978,-32.51158295348134,0
150.17192527440145,-29.19757943099751,0
142.78573757204254,-29.086011526345608,0
148.46648494771682,-33.911648676933446,0
145.60212371048743,-32.548240508894864,0
143.3788413532549,-34.22561811390274,0
152.56549097806646,-29.99732121043354,0
152.74829668173493,-30.502353950570324,0
147.05385289599684,-35.816805171761835,0
144.92648521839303,-34.050761158630685,0
141.68804912484103,-33.33754676821643,0
143.86160658849482,-34.7049941837464,0
145.95970778113872,-32.29317406404139,0
145.0949385882978,-34.14819720540275,0
151.6868993147399,-29.73901846050094,0
150.6634016959376,-34.494593704386325,0
147.2762614063929,-33.569350170844736,0
147.84133983199652,-29.178282339553686,0
146.81033410281412,-33.20267806563799,0
144.81481686691382,-31.524876961037407,0
142.69591837556345,-29.45372936714147,0
152.88285443768245,-29.870273735585922,0
148.17243645565432,-32.71796822426218,0
148.86034874246064,-29.57177909408438,0
148.51952913626533,-35.741196545539935,0
144.87174774432293,-31.48806970302528,0
149.7676152954088,-33.839596501912304,0
147.32286123849,-35.587237014693926,0
145.83626987279663,-33.81752243966477,0
142.5775153999944,-34.32673166243556,0
148.35175127291723,-30.558313709580894,0
147.39172381290845,-29.699677685804744,0
143.5625890302024,-30.825652878990127,0
151.3952262350284,-29.924844034286114,0
149.7116503830219,-30.85509493267825,0
147.53232432452035,-34.55158366492597,0
142.7501598852938,-34.32247219335214,0
146.48990461198167,-30.70004467859944,0
141.31936930650016,-32.513058439470385,0
149.56700452301772,-35.201537712706624,0
144.83027230112228,-31.83529673906658,0
151.5412117061843,-31.866679488791732,0
150.06977032614162,-35.72082633778647,0
152.84047395668074,-30.836656404831917,0
144.59253296675826,-32.94010380641366,0
150.26043331370462,-28.556460091342046,0
142.37489158821455,-31.674866085379563,0
148.88279254056164,-33.86868665173267,0
141.9774615620939,-32.246889270145395,0
151.558703215814,-31.613647164004252,0
149.67413905857688,-35.01710257378359,0
144.20647786316889,-31.725909393253914,0
143.97070586700673,-32.09935059578839,0
148.38934491499515,-30.857041604945593,0
142.11734823160128,-29.63148796706078,0
149.27830036771542,-29.45253337714817,0
149.61724310502757,-35.89524288553764,0
149.30812121983743,-32.36004016665133,0
141.93555475537354,-30.24263051507798,0
151.5813715456473,-29.11276853314564,0
147.1058637344638,-34.68951136599395,0
144.64078497484857,-32.15213241571421,0
142.26067790895863,-32.44481869504201,0
148.45391783692682,-30.664355498252206,0
147.72382441846923,-34.37220536811905,0
147.88593984384795,-33.9409592277189,0
145.29280029938556,-34.6672595668669,0
151.32320190637202,-30.31952541403774,0
142.78599158515755,-33.191689261101914,0
147.46606178664456,-29.899618022486838,0
149.7518516818503,-34.496970740384725,0
142.3119153251145,-31.06234232972907,0
144.9540349742247,-35.612763364356624,0
145.3132549951958,-33.327029489996946,0
152.37448488494033,-29.65611631815351,0
149.42514972756132,-36.642323156942666,0
146.38830742118705,-31.591620134669604,0
150.02570278220801,-34.836530474968185,0
148.2175294828846,-33.97339518105216,0
149.93677202903172,-33.49454623719237,0
153.11443835056298,-30.145106952643626,0
144.0720849736475,-31.0997414645052,0
143.27407891853292,-29.115846498954316,0
153.03150994697953,-29.50948992080678,0
141.97574840097158,-31.55618364700332,0
150.28395149397184,-34.37372078086583,0
150.21929063399577,-29.719518676926047,0
148.5397650417396,-34.41629861169443,0
146.23051494863756,-29.89827178830397,0
142.44787727033778,-33.22289190793515,0
143.0233294889474,-31.10335151242269,0
148.1390645649272,-32.977033445286466,0
152.26612612486042,-29.716138058205527,0
142.6961980125982,-32.6401352712495,0
150.74117033042947,-30.321217406523562,0
145.04557302379166,-35.633306360332945,0
145.59644499028184,-34.880866545854786,0
144.8134749814864,-30.76225950606878,0
149.7519424129298,-34.223477415115,0
143.98471345720748,-33.615034530953295,0
145.92531086427482,-33.693432797790926,0
151.8727254090228,-31.055526434892087,0
148.10364653416585,-34.152933438526205,0
141.33705284237016,-33.29824860103373,0
148.77727327078932,-35.746366785702676,0
147.56401609055277,-32.316614600395084,0
151.63066583773664,-30.15444844514462,0
150.5907008524181,-34.21261397406309,0
147.53090665482117,-31.15040417579081,0
145.12966539517288,-32.362499514392,0
152.2117026542299,-28.61744826417865,0
147.81546637225165,-33.39582175021346,0
141.83425893134898,-30.656605106456112,0
145.02348045884364,-29.51905659742777,0
147.35826262531793,-34.808082210306,0
141.9904901022107,-31.274408596346152,0
145.1117911774467,-34.36692691104029,0
148.4986676822736,-32.82671976690436,0
148.4762573203068,-34.36950690747163,0
150.66992069884225,-32.199003322064414,0
143.2737563029924,-29.502222004882285,0
148.62074142126693,-32.22737794554437,0
151.22832300867097,-32.89623932049397,0
153.29420099944696,-29.041012971987296,0
144.53024061684368,-32.81654826133616,0
144.91385219780074,-31.535845259849943,0
150.0834024423835,-35.826718404466455,0
142.22534447929422,-32.305473534349304,0
143.66680767295486,-30.398863684048116,0
143.4504792885103,-29.403262937682,0
151.6069022246694,-28.96501088951676,0
147.92528124820348,-32.12959989373844,0
151.7235372443328,-29.638413039576747,0
150.91013329139167,-34.277907304594464,0
144.26743879726948,-32.80883467173155,0
150.82763643348673,-34.22230675503958,0
146.55388703823024,-31.69089469991156,0
149.09748014818172,-36.030047877890055,0
147.52956902787065,-35.15911978660458,0
147.391580845033,-33.96683458039955,0
149.20248667872093,-30.95950483274322,0
149.6282904685765,-31.48538066377708,0
146.57303611086334,-32.75338620267635,0
148.46096471998396,-35.16711213726092,0
151.7939369917973,-30.21489853631462,0
146.43053353067396,-29.785181331956103,0
149.94555390774536,-29.633050033921467,0
142.22593017895892,-34.17639025083159,0
147.71281620815307,-29.883799969958933,0
148.1398487451674,-32.27256522476392,0
142.52232833576082,-34.32805800058559,0
145.73623672027813,-30.451048975394265,0
144.68957388497722,-33.588147711479266,0
148.1191329195617,-34.75468313719987,0
144.36917949845386,-29.61795944839157,0
143.27053009496876,-30.035947680481865,0
141.56344122688137,-29.83161149480845,0
147.44460200556765,-32.234794533905934,0
143.9210330025761,-32.92385788325224,0
145.24901600027712,-34.172987945233004,0
146.7115235923795,-30.270821178857712,0
152.9245141874279,-28.565804791094763,0
146.79068722163154,-30.963664275895756,0
141.2230731231469,-30.301499420698438,0
152.70353862221526,-30.35352862054877,0
148.67738674607133,-29.482673590275724,0
141.33906216853867,-33.3112163053947,0
149.0321994505049,-31.71264058935529,0
151.95948563236,-29.892582941722814,0
141.0029487922981,-33.83961630042658,0
146.21308393104647,-30.110010439716234,0
152.37625867384648,-29.97581743949523,0
147.90979744173072,-33.62794816680125,0
151.56468956686706,-32.498643057367744,0
150.69926919321438,-30.809563161503828,0
150.45446857958046,-35.18174067941232,0
145.0557354907045,-34.021380989288545,0
145.05389869379948,-31.337469660784983,0
149.7494011145451,-30.724410721830665,0
144.94921658782286,-35.262695914905876,0
141.94191736573532,-31.210737078189723,0
142.70225867659923,-30.495677108819347,0
148.90089040134572,-32.68745850575547,0
147.61164299571826,-32.54739109289299,0
142.97873411032117,-30.04770602753149,0
148.5690013260314,-31.893928188648687,0
149.83146810816976,-33.645389752565585,0
149.83760839315923,-36.73184044894519,0
141.5548468328722,-33.78207796599624,0
147.8600719751219,-34.22605280787345,0
146.8478151557617,-29.466164651359225,0
149.66202850503672,-28.806772546617474,0
141.19463006705618,-32.44253024877537,0
147.63073256834573,-31.80586170001537,0
141.0925101922383,-29.485353053930027,0
149.20735387419583,-29.65727449622928,0
143.19950403048938,-33.95336688238105,0
144.77328865628152,-29.717862660491623,0
150.61433943065745,-32.925976836911765,0
148.6196442097612,-33.08076296258141,0
151.28356965249603,-32.32421580588218,0
144.5962431814497,-32.80370560835617,0
149.1298145729485,-31.62268843532157,0
150.02992655856588,-30.95360805407024,0
144.76702216641607,-32.233170135941464,0
142.2284062388545,-29.559640719528904,0
149.46255105292687,-37.175885451888156,0
144.18100511592507,-30.103745214248395,0
149.27002447980507,-34.20757309214207,0
145.81024390725992,-34.63086673749241,0
142.34524659200062,-33.26255462245484,0
145.6931815249193,-35.63837795484064,0
145.36984725524522,-35.329840686963536,0
144.8987009667856,-33.849394939618456,0
148.62281893527717,-30.011526877336646,0
141.42050034558557,-30.49045179837642,0
146.30978624785283,-35.41698914523857,0
149.36770042774404,-29.37689580203061,0
148.63673512159266,-36.198556117899145,0
148.36672517219154,-35.311243204481244,0
151.4164655253427,-31.280966441625242,0
153.2050186897993,-29.574885384280932,0
143.03065215222045,-33.40823432672313,0
149.1358587227878,-36.58901090301593,0
145.44232696473318,-31.187950740481664,0
151.08544272168615,-30.58429407762878,0
148.64589899892744,-29.264243826956474,0
145.43844179702373,-31.793735000508946,0
150.0254619946872,-30.951766372733594,0
149.20123591218535,-29.674999075069476,0
151.87407407734108,-29.188980216084715,0
148.36537127281164,-32.842183674459996,0
148.29294331306997,-35.68432658855764,0
151.11929915602514,-32.2607662740307,0
145.81166948661848,-34.39468846537659,0
145.60280827396696,-35.65052754782488,0
141.29669566288328,-29.891846805829772,0
142.97147585897184,-32.56524301753741,0
143.85301338611418,-34.09272507506186,0
144.4369597276921,-31.67519118305082,0
148.56885200819445,-35.847144776607486,0
143.31236912179745,-31.088209948721143,0
144.10327592606703,-29.01258938456847,0
148.6447071328023,-35.73976232113104,0
145.07899008382128,-32.362623328255225,0
146.44553954691943,-30.862823202103687,0
148.52000521218963,-29.39017925246969,0
150.4089009287002,-33.50167421399915,0
148.67232448757497,-29.34276925961138,0
141.6515461639141,-32.79588483756619,0
141.3389625704157,-32.56712689668202,0
141.14380386596653,-32.91777935226607,0
147.59483492091078,-29.36254262007361,0
144.20321652321383,-31.08268969312803,0
146.7253634772051,-34.80187224570735,0
148.2707974081671,-33.028659087918996,0
148.19856922626204,-35.97606538867342,0
150.33982763713544,-30.68912836546126,0
145.3538407093191,-35.00738016031505,0
149.02785604492536,-34.29294583856604,0
148.85234629609027,-36.68513795086669,0
152.82171222031909,-31.604299649764748,0
152.40048599702067,-30.854525508900142,0
150.59295947559463,-32.72661327488248,0
147.5312257433837,-35.61996543089262,0
148.17811356871619,-31.45977552503453,0
143.93838283873984,-34.54315076189921,0
143.04493051294054,-33.17930929909976,0
143.57248490912656,-33.37310407869383,0
142.47077712925898,-33.86582929126444,0
142.33333195911035,-33.563668064245846,0
149.6707155035068,-32.77430021628197,0
150.75645719710272,-33.397665192506466,0
144.67031761526468,-32.64405405291362,0
145.1303588146996,-31.733104808341213,0
150.76240175015542,-33.16090303092062,0
148.54039225392788,-36.1140163776329,0
147.89584169541092,-33.666063894118835,0
145.75366293047298,-31.340503918563805,0
145.98801139364653,-32.00782212114923,0
146.26904277980967,-29.788494119168696,0
148.2120788264951,-34.743770562194314,0
145.0250394026964,-32.364028041297125,0
142.77221099855691,-30.37074065530257,0
149.22339534012704,-30.67346439479148,0
151.9192725987536,-30.26052224628652,0
141.35875137199534,-33.63961996618032,0
146.36109474548456,-29.967683081248754,0
141.93907895705317,-30.252622195721237,0
147.80749998444392,-33.99703950147487,0
143.12781601350773,-29.52314547000842,0
147.61814876413428,-34.0735198430773,0
147.4724967682973,-29.590270062192918,0
146.84745386466585,-34.15587214661064,0
144.86374195502844,-30.623301746347305,0
143.97305914092783,-32.903337094289625,0
149.80683037138903,-35.95833766437381,0
147.17614840899486,-33.6763513234205,0
141.03946430022472,-31.340648820227447,0
142.41036968979833,-30.833903238716417,0
152.15686087324295,-29.26397258705083,0
151.64890290220012,-31.30591480990708,0
150.9434203786635,-32.32478949329471,0
145.7477217089559,-33.31461115535189,0
149.35538253677353,-33.03959731427304,0
145.09560613174082,-31.335548180857995,0
148.46278871814317,-29.647345410796106,0
145.39502476243635,-35.314987179655105,0
147.68616844985505,-30.302558893759546,0
149.9273781255497,-30.448694440565237,0
148.12352366118793,-33.08952913321013,0
146.47059372950702,-34.378191461826994,0
147.43918810116892,-29.765898211136374,0
149.84194702540242,-32.92721422698617,0
142.9140487123552,-34.234208484501714,0
143.5459069139896,-34.39198073997919,0
145.59238128186686,-29.358934986888098,0
150.83345125782688,-30.980523835035893,0
142.53012677052737,-32.994916703007036,0
144.15270194568203,-29.000850828567536,0
149.9678280757168,-31.304839289562924,0
146.70165880156563,-31.552317024256745,0
149.85713797203172,-30.618899044131297,0
148.13120330715506,-34.9440928079731,0
144.14054666593518,-29.894373393455275,0
146.10861942555138,-30.74784439866969,0
146.07938149994044,-35.71764446778735,0
145.064660882124,-33.37924656884241,0
148.7429995400703,-34.50217933959629,0
141.44427390416558,-29.42685834406624,0
145.27018936247345,-29.540018250123488,0
147.0078060322112,-31.79477362541303,0
144.46453722253733,-31.340086604904453,0
148.42123630254824,-31.493754621642754,0
148.19545247220785,-36.280006432447436,0
144.52981484779048,-30.253982205462595,0
144.6000447231731,-29.179704310196446,0
143.01856881740983,-34.51563661197855,0
146.74693157258142,-29.044982549009127,0
147.10962532406643,-34.86951740137648,0
148.96788150506785,-29.8551500812648,0
146.76462218791218,-33.45485753457265,0
141.13883788091405,-29.98794113541423,0
149.8580701390245,-35.535615312216606,0
149.780107144589,-32.88196955265939,0
149.0926427627406,-34.682798887741185,0
143.6726349753344,-29.06253505090785,0
152.6030279721029,-31.283235255730343,0
147.9541532206539,-31.124456650222736,0
149.09102695472407,-32.46490667943071,0
149.07693734404089,-35.544158004682686,0
152.2163133260242,-28.700698570333955,0
144.56181125864705,-32.52591387771605,0
146.26805019157774,-32.93902316431873,0
147.20623212637545,-33.07955000761538,0
148.00568376432884,-30.5788602458967,0
146.41646644964612,-29.119292619106652,0
147.938028797429,-29.342899963516754,0
143.8776795451887,-34.52300830264926,0
147.83814592098943,-29.420157731044966,0
142.6770697271956,-34.25950342330169,0
150.19679813121223,-33.30919356273796,0
151.1479469711685,-30.21222397132856,0
151.74384541130098,-30.043543447383566,0
151.39822701969817,-31.299334458656574,0
147.1025092582382,-34.39872282211149,0
144.93461105130214,-31.668414049736032,0
142.63696218929988,-34.51106842586134,0
151.72967438774313,-31.16457608880482,0
147.92959601372152,-32.07054966721722,0
144.2239245002305,-31.328320844603837,0
149.69113028835253,-28.834014577057392,0
147.02697680236477,-34.31045241108851,0
150.93266969401725,-32.66928070729455,0
144.8036009775589,-31.454702871108374,0
150.6854288075136,-31.96539988063303,0
142.27857376635393,-31.502864467059844,0
144.64496908627623,-35.6046903253804,0
141.8000528286874,-29.040551696850734,0
141.49313515687257,-32.8700678243937,0
148.26861958588523,-34.7457546252913,0
145.4819501250097,-30.483011075184994,0
150.78854677137275,-32.69792766822105,0
146.17076002419236,-35.57210374763217,0
146.46340479251077,-29.01119188705833,0
146.9528018899023,-34.343463370486,0
149.82918882698118,-30.03807241560045,0
146.47537352515053,-33.78723996620367,0
142.62114956598253,-31.097470012120926,0
146.07818085177107,-29.115040722739295,0
148.73293206458183,-34.10653134924051,0
144.330983828935,-31.691659867013165,0
145.00501090137612,-31.283877444947873,0
147.62538501979068,-35.65727085875446,0
148.32865103042184,-29.796514295257886,0
148.36601941625685,-31.982263404374837,0
148.8436203528765,-31.263773035642576,0
143.02996595279694,-29.451788948288424,0
143.1248296370322,-31.28211394634267,0
144.29615917161928,-29.103030920749944,0
143.85044350814886,-29.577002201119157,0
152.22569056478906,-32.13080466364569,0
148.04732562303067,-29.06027990459191,0
152.50865403306517,-29.493927558382232,0
149.9613771421446,-29.62219557245369,0
150.12913104113292,-31.10532589361649,0
144.25091734481865,-30.472379001801237,0
147.8285121608838,-29.7427149654438,0
143.26424020404085,-33.38678659650019,0
146.80531163838103,-29.7638709242552,0
149.48977296390666,-30.79616459258868,0
142.06221551081515,-31.026979642380226,0
144.99133211806972,-34.50031036327227,0
144.3050026455525,-34.79409022892809,0
147.84494062927283,-30.834792301552174,0
147.37045066387367,-29.561375774283,0
148.06128645549654,-30.58897566500321,0
145.94750395594116,-34.34589270980065,0
152.67610800827114,-30.06584814806443,0
141.07729707310196,-29.404837875337385,0
145.77354165099138,-35.8910565475789,0
151.39851178548037,-30.718320002046067,0
148.84980018050524,-35.770375690977716,0
145.77277633916003,-33.54351147672377,0
145.4086040988862,-34.69950136397686,0
148.91965142004247,-36.22603098273245,0
148.98161841758585,-35.33530474933926,0
145.9112588217627,-33.36362183176333,0
142.17215095093732,-32.484422975358655,0
144.95525389692102,-34.03360736856946,0
146.29375351586805,-35.47965573603888,0
145.96356490591612,-29.850224866029308,0
150.3008945662623,-30.054526635144903,0
148.89193508208078,-35.94866832412899,0
145.531002287417,-29.499353404564985,0
149.821559849248,-31.691538469469975,0
149.19756309638055,-29.716741651808178,0
141.89556585396403,-30.264501983599313,0
145.52368640177454,-29.585272350172552,0
147.90279611658474,-30.639988929480243,0
141.35948624227711,-31.159784412190795,0
152.7146785880277,-30.780127361145183,0
148.72595659728088,-34.32681389687443,0
149.75687014270892,-31.099485090914122,0
145.2661016214156,-31.36063670222227,0
143.5563624980589,-29.355910849099715,0
150.52078987316656,-29.941926872031335,0
145.64398582526513,-32.17480818502095,0
144.5654802280903,-33.83915812012036,0
142.77503379566033,-33.84114573229417,0
148.0741661665405,-31.077479540306367,0
144.42349588072327,-35.29374516774086,0
141.70642432558046,-31.342977893254112,0
141.7969465792676,-32.70999366044611,0
148.64689760392713,-34.5300771457172,0
150.4747574466414,-31.870596805370973,0
144.40826348774706,-33.362835247953655,0
144.1173719922977,-34.80931971129535,0
146.35411177432565,-35.676962804583255,0
141.1408412884425,-31.938209752332096,0
141.46305545032442,-29.91178534462956,0
141.1837696209594,-30.93313190635952,0
151.5739390143779,-30.463792018356123,0
147.48871558099984,-34.67673870557159,0
142.75940357119356,-32.35973088521672,0
152.62676747201203,-31.42489335016409,0
145.39803734664505,-31.75967047403021,0
149.2973424982069,-30.982701988629923,0
148.46031965111632,-29.760739322136686,0
150.8717172904133,-29.461512707930574,0
145.0476113700125,-29.17693311604873,0
149.6820532779559,-36.78095868980089,0
141.50688336008284,-33.19411266921782,0
152.6500529740993,-29.08500176353059,0
143.31529757675543,-29.586817843755945,0
142.51916226342425,-33.091362524995134,0
146.8874908355058,-33.20633618488114,0
152.79725510091092,-29.34953794993779,0
151.42297288924462,-31.022928825038477,0
149.1066519755694,-31.41809430713103,0
148.86988503497392,-34.33097607789769,0
146.3410814222049,-32.19406254348785,0
151.2213807550729,-33.764061876229775,0
149.66672003031562,-36.16029944470612,0
148.29165383040586,-33.991077086840306,0
147.58975515215926,-33.097043487249685,0
143.30289944886545,-34.41332715442757,0
142.61768540035243,-32.3209893144182,0
143.30095935029203,-34.68232378801581,0
150.87137952276404,-29.411215089352496,0
151.1240383055692,-30.795551990536673,0
153.60598617881644,-28.670253327533636,0
150.30550681763853,-33.610879381363176,0
150.5601975550705,-34.77553427305971,0
142.88995591976467,-33.16712056796886,0
149.1428599306134,-31.57849669883884,0
145.9556004003915,-29.909497360482273,0
143.88653828908494,-33.74767831020811,0
143.97781520379849,-33.677508572718246,0
147.7525973725509,-34.07802894437945,0
145.22106196870078,-35.818097778257865,0
150.66723824244684,-30.264376326421655,0
148.38264292135082,-36.1396884003644,0
151.36571816830138,-32.71851658910886,0
145.19735119848949,-33.340189194676,0
143.51570286811017,-34.0230810090825,0
149.20553301102535,-35.731685376129796,0
144.6204824857503,-29.694893572681632,0
148.22606771892393,-36.26602085347419,0
151.8606657408068,-30.946431421451724,0
150.73610687287265,-33.48676132748928,0
145.54584280553613,-30.51837454273219,0
143.65195350257778,-30.56706125428203,0
150.94906842816897,-33.474526307001845,0
143.24160239291515,-33.284716507893094,0
146.4210839415295,-35.37598754019431,0
143.57088609788883,-31.34060947860951,0
147.18266921874118,-33.935576340110536,0
146.9570988728997,-30.683708387765236,0
150.58313611121366,-28.92437179287355,0
145.85783724060275,-29.939423844755833,0
151.0478404307356,-33.88974596117599,0
150.72720013441227,-30.538127871566815,0
151.20489065902458,-33.26572937939588,0
152.03920488718887,-32.68021617956915,0
145.39636104353804,-29.05708856102909,0
152.72580655370362,-29.318602642006525,0
146.09933088481296,-33.37636937002196,0
146.2911740689246,-35.70069936376518,0
145.42872350164086,-30.707530629934766,0
147.1931490491703,-35.168704655453745,0
145.33390576763267,-31.170377078659932,0
148.31174790057256,-29.617436778106267,0
147.28023542357394,-35.713228428858116,0
149.13574859190106,-32.633319918589166,0
151.78630061080398,-31.780950169304134,0
149.88075989033297,-33.548121474594474,0
143.39073814215286,-32.6430130669249,0
146.45601632191625,-29.562719864017772,0
149.746956465903,-31.696919007348676,0
143.87458000667417,-32.29969988037607,0
150.210721678717,-31.47061183211704,0
146.09088904908072,-29.55331849489909,0
151.00574499645435,-30.66832854830455,0
152.03880129931787,-32.374946892146845,0
141.1607376893309,-29.508740184260272,0
143.8563288595498,-34.743234367351555,0
143.81422698113153,-29.188671339456533,0
147.46459062742068,-34.64987798278801,0
144.38553345908278,-32.15700557372487,0
150.49424792061492,-33.9436192336579,0
148.30413402846838,-34.163068741072,0
143.3703654455473,-32.863007566099874,0
150.12952959764291,-30.257471732279857,0
145.0803678522755,-29.219598651324013,0
149.16158941940378,-34.09276387671441,0
150.77636068029693,-33.23045219673465,0
151.16810664234023,-33.19149623995573,0
149.54978649379203,-32.771112204332866,0
147.5739818717901,-33.02170107460765,0
145.1131480553655,-34.783353350137986,0
141.52831295639325,-33.3840970274557,0
145.55216278703185,-35.300603657230624,0
145.85278945592162,-29.78691255342146,0
147.4521687416584,-34.950962201748226,0
147.4772066338777,-32.45319122299468,0
141.52912003837412,-32.35375596857958,0
147.3017465238093,-32.81294587324466,0
141.05457871427785,-33.25421795463603,0
149.76498899940938,-30.473727380892583,0
147.414274564431,-31.412324681742618,0
149.2200440883878,-30.1304187278324,0
146.0252838707015,-35.67701723996583,0
151.76010724901943,-31.064729157851552,0
147.8746657452941,-34.75870351811879,0
152.2271324797733,-29.53206646281009,0
145.10281981706274,-32.8083339921186,0
150.4430394355688,-34.928591352364776,0
150.24733206455903,-29.25022052162506,0
145.20139830665786,-29.479773880071292,0
144.58147433561973,-31.473694560095723,0
149.90998872473574,-35.322828618493574,0
144.51605968944588,-30.213416509493896,0
147.30549037902745,-31.202169304711923,0
148.17165073334738,-32.73104007116836,0
148.86235851739818,-29.484606537930453,0
143.35106054062553,-31.00776945252036,0
144.40126171469294,-34.012159706834225,0
145.92835493298776,-29.057146572271723,0
149.72894849247172,-33.50434776818824,0
145.77628296974203,-31.960105107224702,0
144.20262109151997,-34.88129799401053,0
149.3844328513927,-33.63031892480893,0
150.82863882725232,-32.40405630131108,0
146.8298979797873,-31.93971809713273,0
145.02683704820632,-30.837229591723563,0
143.88266428842306,-32.19500440775779,0
147.21099366352502,-33.75968351871151,0
142.70493006170724,-34.30166181741081,0
149.33006259775624,-35.68186525196664,0
142.85119552778798,-31.152331535256153,0
152.92277067587867,-30.193235150563552,0
141.70731181556772,-32.19685664352884,0
148.37348064084398,-33.78428129889894,0
150.43869649288038,-34.324826850114654,0
150.2306616737545,-32.72656871491682,0
150.0199868325368,-36.34121591664989,0
147.98236471878687,-35.861061605862716,0
152.47719582882644,-30.548273701200387,0
142.0713492815013,-30.73725714279182,0
152.35307749233024,-28.838910550587304,0
149.96728381433567,-36.539335899545385,0
152.1319615989753,-28.58066489031983,0
141.47491292966828,-31.320125876297237,0
147.72267030100045,-35.8901999098724,0
149.32398950972234,-30.06741390204356,0
142.36036935421512,-33.050875388123735,0
142.94233868224856,-33.563043172703786,0
150.63999624415388,-29.183828845557365,0
147.89460527428218,-35.951359116637605,0
145.73559833803654,-34.827400818876136,0
150.64364190011742,-32.48477984442231,0
148.60612527772898,-31.683624430804365,0
150.1760543084998,-30.080304604210315,0
142.62974179998167,-29.03741925751666,0
146.74434307249604,-31.207477386899505,0
152.62978896477637,-28.991998099629775,0
148.60293304736618,-35.70586921735828,0
149.0509762844185,-29.561200495603153,0
148.74003796376695,-32.61664790328645,0
143.77539611591982,-31.050168527924626,0
146.1341365729129,-33.538869730031955,0
147.3576766224046,-31.39942352892943,0
143.61382997175392,-32.731895627478785,0
149.36575713392574,-32.00551192442549,0
143.54757689380605,-33.806489954898204,0
148.82334510392596,-32.914490429425065,0
142.79785991699896,-33.712572449569116,0
150.69372116569596,-29.441273289730272,0
141.96131044914014,-30.05358861038738,0
143.29743487278998,-32.24563106839547,0
142.56638054681613,-31.20528912225724,0
148.11353152709916,-35.01607834923128,0
145.82146041867355,-31.191846665668738,0
147.59860587776222,-32.09440020978187,0
143.82486747643648,-35.19623698559813,0
150.04249181191483,-35.935524929165084,0
148.6244198955458,-34.52069014411178,0
147.49963466375414,-29.241583451476785,0
146.38329332005623,-35.40837221940272,0
150.37570890031563,-32.07247232445523,0
148.68022098279718,-35.580695427372,0
150.58007441608703,-32.7759620997953,0
145.55366445483511,-29.593787434936726,0
145.98195538819078,-30.040488284504463,0
147.91479174119996,-34.540574294642255,0
144.96524816181858,-31.564142828270118,0
147.5480986490698,-35.9675459368619,0
149.17641564201804,-31.758760174846827,0
149.24748291268824,-29.981438657795454,0
148.33226513071688,-31.281630144084875,0
148.9378426735418,-35.35823804704499,0
148.15075810160104,-33.184314053138486,0
143.4605122239942,-32.191805722136145,0
148.13326113356604,-34.8644248569274,0
142.4079805754858,-32.94722815616272,0
144.49669113274211,-33.712726067236105,0
152.0282158021892,-29.279231607829246,0
149.1388784225581,-33.78528107832062,0
144.45439563813508,-30.44702668133275,0
151.71600140669074,-31.375389788286082,0
149.57012438591948,-30.7798706815678,0
151.98036713335526,-32.1150162521556,0
148.62428858850822,-32.12605985108034,0
152.51494817073822,-28.726983885671565,0
142.03225101900148,-30.3845987430206,0
145.3730178108383,-32.872853976001636,0
151.11202106486633,-33.557796151248695,0
150.45201414967005,-32.19279920209775,0
151.7583380212864,-31.720419653406907,0
148.10131023658872,-32.87599203237424,0
145.09006675599477,-31.48175089958092,0
150.16393963081396,-34.87546437283694,0
143.20476113684362,-34.347563786038926,0
145.22314981067646,-35.74037447160419,0
145.0923937548285,-30.93894512663711,0
149.8562132100096,-35.70735585312709,0
142.17622119559528,-29.988698395617547,0
146.65802602326357,-34.85850897352802,0
144.83649102651,-29.065297671796728,0
141.15693287111372,-32.032603347086926,0
148.66570238204844,-33.97429485938604,0
148.70896193387966,-31.57030821217493,0
149.42691012385492,-31.328587952423568,0
142.68098965490236,-29.44177314942899,0
141.43338894803637,-32.37899960214171,0
151.2900952098681,-31.338877224098812,0
151.71974618279017,-30.702835919846528,0
149.1299517251649,-35.69055790943004,0
147.5473380168113,-33.272975175007225,0
147.0018371474397,-30.996782958498894,0
150.785149397973,-34.593130938003746,0
144.35855568914533,-33.46658347401857,0
146.07747097238286,-33.133824159194845,0
144.2513577633549,-31.42957598073086,0
146.09846207945847,-30.95340659117127,0
152.67394828569417,-30.180139308602502,0
151.30796307084523,-32.03345893323537,0
149.0624055338626,-30.625826073297176,0
150.30470712581604,-30.07024902353308,0
150.9832210107951,-32.46053623915105,0
149.97039459228122,-35.56966075473059,0
149.66806185417994,-37.14863597145186,0
142.04580955246408,-32.82090863027941,0
146.8735241017029,-29.920560947358226,0
147.25251711099298,-30.711159326371543,0
150.73291716205304,-34.65436544350761,0
153.15448576323132,-29.79860564973725,0
145.0248493062774,-34.29428127604019,0
149.4171071180602,-30.09218944572942,0
148.16341559004556,-34.89423776626051,0
146.62837101699677,-35.41260074190686,0
145.15868048554213,-35.0068571034567,0
147.57814897898535,-35.89567135159989,0
146.84856886513452,-32.12477602267284,0
146.67634002566197,-30.257221637070668,0
150.05683380432913,-31.611345946736915,0
147.02974732449292,-32.813607396430996,0
145.2609949010615,-35.18765944717107,0
143.89459127098334,-30.399576742043337,0
147.7268384773403,-29.743433714930376,0
144.34871179516577,-31.95506513254649,0
145.44516883529312,-33.712983522785414,0
148.55315081059413,-34.81351010430618,0
141.8785100392742,-31.509475659493212,0
142.92646687954718,-34.018738238381665,0
149.17094089264847,-29.407079113007796,0
152.58445185742698,-30.7686443859591,0
144.76783321152408,-32.838180714754685,0
142.0699473056848,-30.95717664098747,0
150.92150876251281,-33.27862836109322,0
152.74435644316023,-28.732048538287884,0
149.5519421205873,-37.249203611991504,0
143.68933989105778,-32.24981361065699,0
148.82617238180183,-36.112133536088926,0
141.75152467651742,-31.910654885062456,0
151.1759736367643,-31.107688349447912,0
146.12927285978347,-33.53170695948811,0
145.5721178268101,-32.27162030980264,0
147.04019559149802,-30.043372620569386,0
142.0528898054968,-34.099068543823414,0
149.75812076443225,-31.07231900451241,0
146.09404946922453,-33.413312489504484,0
146.04721051301607,-31.46590515994784,0
147.93625379686137,-29.352804440945892,0
146.0685654328355,-31.961416174581924,0
147.16158934232422,-31.166812400526183,0
150.44691582535637,-30.346267786848337,0
149.44404782206448,-31.49673082036189,0
141.0750612254599,-29.2417679477948,0
144.7399141246244,-32.91957030814763,0
142.51697594069773,-34.58110465576172,0
146.4065707606249,-33.24950293605956,0
153.10265141111788,-28.480925457681174,0
141.4965685200582,-29.72356175472612,0
146.2309711995942,-33.60907585535889,0
144.83345680145587,-32.99527545664565,0
149.72715889608443,-30.717878827396866,0
149.86674051013114,-35.72685399060158,0
142.63521529727373,-29.775218365490492,0
144.02657119568678,-34.094589372805565,0
142.88560521936216,-34.00461435591971,0
150.3967650745133,-31.315456671836927,0
145.92929443395218,-31.267311417078094,0
149.85027451243215,-30.906227476694777,0
146.85414418812815,-31.342557926973605,0
147.09182153462277,-34.23584943016987,0
146.23839783921005,-30.82079847129684,0
151.8870160630422,-31.30074712143102,0
147.80001324386444,-29.961358392306806,0
148.83278427606936,-29.61297959993599,0
143.34216151679973,-32.131105504581804,0
153.34666669079,-28.811850930049907,0
150.43494466715714,-35.29157446078659,0
141.24976933745393,-33.15289757155231,0
144.92076316644076,-34.53278330938773,0
145.53153947749666,-33.40478138048696,0
146.46394800662117,-29.68873348166901,0
149.0409966085863,-33.524820711098826,0
143.9277086170468,-33.52993537643316,0
145.75060505859994,-29.814562662106475,0
144.5571027622125,-30.037512166399324,0
152.0141955405241,-30.87842349319929,0
148.06263188297507,-31.081364821552196,0
144.88526700120804,-33.104231448857476,0
150.3541686349978,-31.135552852577135,0
149.34497248709687,-31.72028098801977,0
147.60359691916486,-29.35116144356847,0
143.30510433770397,-34.56501965320892,0
149.3649284224242,-34.758838611537975,0
152.93182632791036,-30.46552242327303,0
149.90181701992088,-35.07761255846726,0
148.42954944597088,-31.917032858144054,0
150.46169868245426,-34.28900293384418,0
151.0035998092737,-29.302967046444593,0
149.99546822853884,-29.66552969751858,0
150.75781664247006,-30.82004345662023,0
148.25794780576297,-31.778215095009152,0
147.287668967432,-34.3688982496809,0
148.48235868171184,-36.572097684719346,0
149.20444591862588,-32.55444888648979,0
149.31223614098315,-36.56939704403549,0
143.0881638948171,-33.703721096853556,0
145.26305678936828,-29.572258373174417,0
141.24214709188857,-30.218620940404925,0
143.82263577644207,-30.33610876004551,0
142.17473385366583,-34.0063831385229,0
147.65727127774224,-29.089429999030344,0
143.60859163231905,-31.02045581093121,0
148.9907716307523,-34.461159121506604,0
150.73419894956115,-29.266557928243806,0
148.457439821901,-36.56863817176938,0
142.15360714513417,-31.079498042592377,0
145.66644187544773,-33.8710437963677,0
142.510119953607,-30.848545593793176,0
142.05840272266315,-29.44951539018878,0
149.78150291375056,-33.7230543828053,0
152.72972722287142,-31.383638562630285,0
152.18497690501965,-29.99230463982876,0
146.55735801524355,-29.54729944933036,0
143.08227186138538,-32.46307933305743,0
146.4907608690893,-29.014338704008562,0
144.32794245073285,-29.756170392127423,0
143.06997970639506,-34.33933632757291,0
144.41221750768244,-35.731801146831664,0
147.09673589216382,-35.84237650221012,0
148.04187840858094,-35.99851348906281,0
142.5094363996921,-31.012240105267878,0
150.29344842998046,-31.690218387249665,0
147.670591759367,-29.744636755965637,0
150.9875568621532,-33.532008645693786,0
148.66514544376517,-30.110517971211305,0
145.46162191397178,-29.933481621921466,0
150.33910985595244,-35.21186452864534,0
148.8871353555563,-30.6541806251368,0
142.9250603931741,-29.188074886712194,0
150.89580440368536,-33.92999431107848,0
143.38240822271186,-33.38666892766161,0
153.154316079222,-30.176458157398905,0
152.00777078563988,-32.59152083122236,0
149.76406468541072,-33.53570085000537,0
143.3765524740097,-30.93912212735904,0
148.47359233424993,-36.220027356335414,0
152.31912333829038,-29.28787273944625,0
141.28244197211686,-33.78546812856951,0
147.9484802507293,-32.42892653863758,0
148.89077433322788,-35.13664701999806,0
149.75774375992353,-34.039870794269575,0
149.59578779450834,-34.39766015252579,0
143.09749013735308,-29.61973361883045,0
149.98867837321154,-32.364741852058486,0
146.22146303886115,-33.346181402219436,0
147.13240248843715,-33.325155003089506,0
152.77084998361408,-31.22229472482394,0
152.27587805277,-30.06640357550356,0
145.81989002940813,-32.517658811226724,0
146.6917817151379,-32.58689497002736,0
143.91413852896662,-29.19022217315485,0
148.99098989677424,-32.16154788624668,0
142.50419832420303,-29.84778628461136,0
145.70904191340318,-35.83433675731405,0
149.8121074743333,-37.04380640111411,0
146.1490805373654,-29.112527533181805,0
147.62533977161553,-30.385031720801898,0
152.52759224732253,-31.57764766519933,0
146.75308418634646,-30.626339978013448,0
149.41599770637995,-37.172174516886386,0
143.86711363111883,-33.93640208265373,0
144.47021796132938,-34.11528972422536,0
150.83330367331985,-29.321763334477502,0
145.02985984036079,-34.20424143980184,0
144.34159650588603,-34.91429529486405,0
143.06759634202007,-31.970667109656702,0
151.95606278059307,-29.945218561038374,0
153.04349769825166,-28.421562779355988,0
142.67993381160966,-33.543628957574896,0
143.23143876485273,-30.87290459387724,0
150.2198662050722,-33.44434877532521,0
153.11153214982318,-30.045004065924832,0
147.08323417544148,-32.76614260623906,0
145.66071059340769,-29.59658811599596,0
151.0623200781766,-29.061441567457848,0
148.95261184723432,-35.443149514210255,0
147.82768400109723,-30.049090562280263,0
145.18773310665944,-32.68093137710416,0
144.58242617577486,-32.22460985624435,0
149.2499664612927,-35.60591485187257,0
151.1293892910799,-30.464982400297153,0
147.5718162305824,-29.262844005510136,0
144.34894112547872,-29.9943731664822,0
151.06751852324888,-33.65153551903956,0
142.12437387720382,-30.536671121888013,0
146.89501001875962,-29.14556596208801,0
143.1127951375134,-33.09200781560048,0
150.58393078768015,-33.255867613279676,0
144.32242487609014,-29.63555222654985,0
152.57017797555858,-31.997145846643615,0
143.1481856600285,-31.58795089812633,0
146.8675088642864,-33.26640945104291,0
142.53841511308164,-29.51895869344245,0
142.03955455396172,-30.705617272494248,0
141.7463424101211,-29.482347879773528,0
151.70292252640914,-29.16729950586137,0
148.09157500343707,-29.545784354544786,0
148.99077425420649,-32.660540293725674,0
144.0609348222965,-32.99114205847522,0
153.15583808584248,-28.913603182864787,0
141.6563160634882,-32.910767173048406,0
146.18628658608853,-29.655960727790774,0
148.35886438773773,-29.791561850934215,0
145.96963370655408,-31.54348890336692,0
143.8165719530112,-33.74060853242158,0
148.159405762305,-34.40091292020907,0
142.34385928852788,-30.92105256809854,0
147.04135811802,-34.38055361881118,0
144.74692408406426,-32.68149844135203,0
149.3865999833175,-30.760101756194757,0
148.85759284619118,-33.13465094807367,0
149.4714395764907,-32.32970915870784,0
141.59862671813679,-29.229629272368044,0
145.0915640670798,-30.01012641893981,0
149.23755867749043,-32.92118383928465,0
144.92517163837314,-34.87149077064349,0
146.67437863503218,-35.397451081875595,0
143.5019437714075,-31.645835636818678,0
149.6183641492107,-35.04844035194227,0
149.1679969412257,-32.37818601541399,0
146.9311907083165,-30.32602590797609,0
147.47080717569585,-34.48202402949611,0
146.13316226993862,-29.509831342095552,0
146.56034675593128,-34.71368006209114,0
143.54955803027048,-34.241369479439584,0
150.26877578235764,-35.14077148077386,0
148.95520590056165,-31.927470942022993,0
153.15799067417305,-28.959769116659213,0
146.06231367737627,-31.065629070645056,0
149.87710611255386,-32.31605387175351,0
148.53850902167414,-31.04447009929506,0
143.74816544732676,-29.867997257745344,0
142.57048842724103,-33.37420875090203,0
141.2965401413813,-33.29602957436431,0
145.16236266272216,-33.86277677471023,0
144.51815423158996,-30.167459980004026,0
147.62601139330604,-29.322311917023967,0
146.82941982317334,-29.009089241616664,0
145.96621039270144,-29.985156777349403,0
149.0212358740511,-32.838298754780375,0
147.19255048880967,-32.33357185407834,0
144.74875820716966,-34.64611452084652,0
152.2412571245094,-29.62479714212005,0
141.73434820484817,-30.012564860291096,0
141.66040187052735,-31.552537864474246,0
144.7204571647358,-30.447403184887534,0
147.81817763626222,-30.972254870553037,0
142.63412749677235,-34.43205222293642,0
147.73684527273653,-30.724773690148574,0
149.61769670496753,-36.32269467897034,0
146.9446151577515,-32.86360051802612,0
143.81058334882843,-31.11593735913169,0
142.56599561057536,-29.55281321967193,0
150.82032208198882,-34.58648703574048,0
148.0600508242573,-34.34369398155695,0
149.33889988255362,-29.001256727369203,0
145.7224108535408,-32.116868402526066,0
141.3894137739693,-32.05561156540192,0
146.37674750307139,-30.24476972760288,0
142.65082416203848,-33.480882229114634,0
141.94099181413503,-30.69933185039999,0
150.19295109810818,-31.96034508883355,0
149.4763350299323,-29.124652233868368,0
144.88126616738006,-31.218664898119915,0
149.70432563029973,-32.357722611031676,0
147.46730205090486,-31.93652441920402,0
143.1460589617665,-32.99681515468005,0
142.47727255396867,-33.087046075407535,0
149.77982553285807,-29.162665754723022,0
149.2267471986293,-35.143000059334774,0
150.34180426349124,-33.638776873748526,0
141.6277872047325,-29.75434800935494,0
152.1401561910635,-31.009153406895926,0
143.38698650476334,-33.059281600019105,0
143.50193067809593,-29.826802363857013,0
148.7207525801346,-32.495575519397775,0
141.5546732592463,-31.58662132290779,0
143.70057841845383,-34.143258808760905,0
146.0411962214177,-29.56656999792145,0
150.16816789080266,-30.619549908336282,0
149.3932472577376,-31.060205975931655,0
146.58470484464283,-33.89855696769148,0
151.4754545948659,-29.268707851539226,0
150.7861609026527,-31.161316252425838,0
144.31314871546442,-33.34306160473764,0
146.99245328646862,-31.370169378464993,0
146.99493216753697,-31.143618665790196,0
149.811139307994,-31.66121588098045,0
141.10023840606044,-31.15328837997336,0
145.43288146758843,-29.191900844741884,0
149.70852302133042,-36.65504747992073,0
145.4317950132806,-34.41977253414453,0
151.30365500407964,-30.085789746991956,0
146.5156908250043,-29.48866931254586,0
152.0633495327239,-31.137741950560105,0
147.7067506660032,-35.06759331694948,0
141.77846671505165,-33.417988657113746,0
145.5492508194729,-34.59897275501614,0
152.10401613081208,-30.391136251635782,0
148.32888007944499,-30.749298651436156,0
141.63861174101328,-30.61248259512045,0
151.07770577012744,-31.905553827094472,0
150.94408953755277,-33.78712424273038,0
147.82876997899706,-32.31632159428412,0
145.78934683487017,-32.81392447474551,0
148.20273583724264,-33.47677720626588,0
143.54084182735085,-30.71076032516573,0
148.08395397506848,-30.431377467472387,0
145.34701830957977,-30.484370497283855,0
151.95629708171938,-32.05923517438385,0
152.41893183582835,-29.728228210048584,0
141.25951151162573,-32.059221285310144,0
148.85416007951048,-33.390131665606226,0
145.14422228691691,-33.18597509796771,0
145.655380174701,-31.452128513705635,0
144.86266604101422,-31.400638052229848,0
149.4397319142854,-31.110677112139072,0
149.73767639675862,-34.590765673196195,0
144.7793759757752,-35.12963420957471,0
147.9681790846126,-33.5902926022704,0
147.94761225655435,-31.743840322696812,0
150.79410311675164,-33.966797931652934,0
143.60950034819345,-32.86825184091691,0
148.2746470666527,-31.68190034384511,0
143.96667072488847,-30.156005513796817,0
142.43840312519572,-29.128428529698112,0
148.58170004281936,-35.876327171320476,0
141.92543180525553,-33.976009698445814,0
152.40710478653472,-32.25765414013491,0
144.0607599547938,-31.892055476735592,0
146.58262406024036,-30.168981490668767,0
144.41914567403828,-35.718521502004975,0
147.31770981196345,-32.33014247808261,0
149.9760605327807,-31.005943517041445,0
152.87018165875236,-30.302537559291604,0
148.5212548285462,-34.76445709195043,0
149.57054134418718,-30.276849951586858,0
144.32098432083504,-33.61175687779398,0
149.21425782410668,-30.879540295355838,0
151.01484655226653,-30.337361604537296,0
149.09561293524334,-32.848571157490014,0
142.32351525940135,-32.27485500202792,0
150.29542252928618,-28.98421020929913,0
149.7182366853614,-34.84078954480656,0
142.36620872270575,-32.021811454869116,0
149.07010383537883,-31.68692293775719,0
151.4564124943065,-29.78145231512491,0
141.05504650738007,-33.63662597086204,0
142.15465927682206,-32.11548187032448,0
144.03380519404152,-29.887888088979572,0
150.8029219463767,-29.007844584148295,0
149.2393864458602,-35.96921285701071,0
143.2749348578674,-29.07053602523848,0
142.54824160571016,-29.485214021016397,0
141.31564955128317,-33.45028871364246,0
144.39809464203714,-31.908416101733227,0
144.76482435032577,-33.78351664173117,0
150.43909390064772,-28.98076476319855,0
143.1196634361885,-34.12621730545041,0
150.57735003224366,-30.08224281857229,0
150.500483689465,-32.90912712913159,0
146.74940246271208,-32.345038729855176,0
141.6860772202184,-32.807155991101084,0
145.8162689879817,-30.96170523612725,0
153.20434338074423,-28.93680009901223,0
153.04118688979088,-31.065210864952228,0
145.29149191922681,-31.112781203354263,0
152.7926378666206,-30.43311708165051,0
141.96398482295808,-30.00581159196942,0
148.35589898284775,-31.513353158983314,0
149.37685837147856,-33.04705350565388,0
146.29421202794745,-34.51926108203293,0
147.7819347922102,-32.318644168431426,0
143.60158208347346,-29.840962577904552,0
149.43448485700802,-33.86864075085927,0
149.63009023988917,-30.229338749043727,0
150.563856776543,-29.39314208190978,0
147.88763249509958,-32.92689331713657,0
149.8809482021085,-28.63259371376847,0
149.47832977730138,-34.61019844258657,0
150.15247195435703,-34.22852667255451,0
149.2316481502998,-32.05875279054037,0
144.80882892990124,-33.72281579753161,0
144.144069742687,-33.457832056599074,0
148.76661192152386,-33.97064116679698,0
145.01908132123,-34.56802531906371,0
141.34116338430664,-31.391656253520992,0
146.48079055784686,-29.549036179634342,0
144.32476614932864,-29.337999906788134,0
147.95733659100995,-33.24538678381511,0
142.52444094207888,-30.41871499611712,0
150.61178563539062,-34.0574803374137,0
145.93044999388675,-29.338204251057874,0
149.72332732344222,-29.26282183960881,0
145.34208788541574,-30.280442552789356,0
149.32312087372557,-32.12445362325851,0
152.14969933470286,-29.122033908422626,0
143.26789872669917,-32.742049368548905,0
150.1035010025619,-34.24860381208732,0
148.9023190010226,-31.142658148566408,0
144.21500863078154,-29.657063056774312,0
144.38118847401037,-33.09773193388142,0
143.85318362417797,-31.375780303924564,0
143.1597165425772,-33.48051599943486,0
147.4635774716,-32.50242392247851,0
144.74714968000612,-33.11996960026204,0
145.50101532875337,-30.156841560220816,0
145.77236105964843,-30.870601839693684,0
146.84014637384772,-32.557334021811855,0
152.9056663090928,-28.690058019621446,0
142.7645729820347,-32.56643058177852,0
150.52077314857036,-29.997963317854513,0
151.0130698088154,-32.74721524994398,0
142.37370327907308,-29.49395687812981,0
142.2774884550001,-31.16161267009256,0
150.93666910984075,-30.930377255430535,0
150.03984734536803,-35.09428333218044,0
150.15976427905065,-35.752322106176194,0
152.43515539258382,-30.73195833900809,0
150.51299253222706,-31.25879116499808,0
149.22270265822513,-36.1646841094255,0
146.3170249047654,-34.577404787119846,0
145.27391098010565,-34.4806714377041,0
149.0416098900226,-30.07678708627783,0
142.2443212390642,-31.205283122147776,0
152.16897541562622,-32.61394454475621,0
149.05622610326571,-36.948779514603956,0
151.7073256970363,-30.774012787756405,0
143.20811268372043,-29.851809024532013,0
141.27548429147618,-32.909409635268155,0
141.42594827623788,-29.55725185402536,0
144.11097931837958,-34.80762370766971,0
151.49372918666575,-31.782941105902296,0
144.91493465188697,-35.918322110320304,0
152.33769036377535,-31.31245068904439,0
147.5882231162683,-35.348932066734285,0
141.69304020187693,-29.35933282644158,0
144.4914493772486,-34.67168022545227,0
148.4243525676173,-29.59223970808134,0
148.0863276669898,-35.9118722542299,0
146.3131531838955,-29.925281858624146,0
143.72703999963528,-33.97867859985482,0
142.66103186252587,-29.815518842147014,0
149.38328256830428,-36.489005491498126,0
142.45555877463661,-29.662648085400832,0
146.40013063924312,-29.889172409676668,0
146.0665427851022,-33.187089627170806,0
149.53871308112306,-35.10054590871424,0
148.90950600651414,-31.5012334523365,0
149.27249467053667,-29.049485642728165,0
148.19612832602598,-35.65563357248452,0
152.70712006819483,-30.368085635916962,0
142.3926363822928,-29.189309365814253,0
149.71645113477712,-32.65127452327161,0
144.0167585286398,-34.03846712960179,0
145.96190899051578,-32.60513039141073,0
150.05855923600853,-34.29252614016346,0
149.59098740105034,-33.247538270444956,0
142.21292290329797,-31.90874079914277,0
147.72763059055123,-35.789264354809234,0
143.73112653159328,-33.65253032747107,0
144.709227244089,-29.725073424320072,0
149.3996887377109,-37.101375465514046,0
149.20138373163786,-33.52385059532708,0
149.06098129411095,-29.349327008996095,0
143.33405422961468,-29.437185670644332,0
149.3581395942405,-33.0423668554383,0
153.26348968768352,-29.658971272941823,0
142.80750414571628,-30.358262783136354,0
141.26825087878578,-31.69548896964384,0
145.8060190917856,-31.155956020585545,0
147.6580290676447,-33.63908649362672,0
141.9737470132563,-29.911326628885114,0
147.2298396215968,-32.12472424794226,0
151.6449512741369,-31.789649119574328,0
148.93050602210852,-32.64408572296836,0
149.64008933395831,-32.894304872993175,0
152.11852457493393,-31.229926848546782,0
151.92538716130997,-30.307851603555378,0
142.65355078554367,-34.57851780478406,0
146.28830588313053,-34.260460909580445,0
144.82725836662067,-33.69636809891571,0
148.18718813240437,-34.85326585548024,0
151.6584253592675,-31.67345528197403,0
146.00407516356967,-35.363314176083655,0
143.8850387546813,-33.5557804432707,0
152.47188866435195,-30.477143615862648,0
142.38052943792027,-30.123552488475934,0
143.3301831392013,-33.669017330422555,0
148.84315037212355,-33.359280927198284,0
150.62170147335146,-31.018174818909188,0
149.3386204317908,-28.83157934259833,0
142.50149532400292,-30.524770796414213,0
144.3562139335858,-32.87257417201028,0
147.80220125471175,-33.59444201432936,0
141.2849720779506,-32.531868675577655,0
142.881514472783,-33.71115712304602,0
141.07775407378614,-29.91465250675826,0
145.9795857718105,-35.83482778568476,0
150.15383345334834,-34.00328818039758,0
150.53345769002573,-32.9432401273857,0
151.66831294472826,-29.08157137417163,0
145.33179951424313,-32.37814697906522,0
150.75859216688565,-30.362952032309728,0
149.54245001660567,-31.11701934295709,0
144.03877389601826,-31.145852572218505,0
145.97996948618632,-34.58805901015433,0
146.72857761309083,-29.113766438908193,0
142.6059545935769,-30.50858397992315,0
147.76241564009757,-31.893192006949143,0
150.7017040748852,-33.70193033763085,0
142.9946570277196,-29.940433529909818,0
148.95899414623347,-33.992673973295524,0
143.9343992382046,-33.45607090742434,0
143.6092722370652,-30.733376945570534,0
147.83620927425915,-33.76282995111169,0
150.93044362071262,-28.904569772469777,0
149.99880706279328,-35.566782586580146,0
145.13322264621817,-29.81870402931387,0
142.42526075149357,-30.413450685895846,0
152.10933878536014,-29.876644905309345,0
149.39679278939886,-32.736825487863705,0
145.78677211123136,-30.023350210236536,0
141.41102008000962,-29.104083224514415,0
143.44273705577095,-29.807592603145633,0
142.62388343133037,-34.44119675034257,0
152.9453659366952,-30.089924332438038,0
141.07305924322733,-32.482939280895486,0
141.5781960001144,-31.15349593448287,0
151.04422809445109,-33.85328248342262,0
141.22600458704235,-31.00181172549158,0
141.4571511166338,-33.58923945959035,0
147.19828170963623,-33.34165687177627,0
146.19600801543407,-30.681795373787782,0
152.30660971798594,-31.837039957970816,0
144.64119935966866,-31.299340048550526,0
150.3183656796551,-29.93468497051391,0
142.9333007999971,-30.089893891646977,0
146.60345085619213,-29.595714761791598,0
151.28440095259094,-32.29741570907378,0
143.43368185720448,-31.226834338886174,0
147.41485411304384,-30.256177929960632,0
141.748822759622,-31.72582256045834,0
142.52899870298046,-29.423712705291834,0
144.56252882348346,-32.36545998141102,0
150.11229682580566,-32.6713347858632,0
145.90208631325697,-29.244829132065462,0
143.65107842021652,-30.674071374953197,0
143.01411139934737,-34.272238223539105,0
148.57714365618872,-30.225950015773847,0
145.30555716325583,-29.08583768659205,0
150.02445694268042,-33.771924869039125,0
144.95209341743114,-34.53139107765656,0
149.86264010677496,-32.47861415566497,0
146.09502884223917,-34.12878337415635,0
144.9848234331014,-29.336429877809785,0
149.2616351124787,-30.82997470550077,0
141.06830118763406,-33.706852778825926,0
143.24151177743778,-34.664009631189955,0
148.41137165300304,-35.99518669463481,0
153.28614286579608,-28.239448634479587,0
144.48961562712933,-34.464835936005755,0
148.85243075857485,-29.993978441182986,0
141.5701726442475,-33.35243974895986,0
148.44574411631305,-30.352965009165047,0
141.64881370052825,-32.40798719879846,0
152.14378453463223,-31.167318830195022,0
143.68343807748468,-33.03992523590324,0
146.91258704204748,-35.18482275290035,0
149.91513248727512,-29.269023972895273,0
143.68667343039917,-32.24693345464403,0
147.96002076222237,-34.47926793372221,0
147.99530984853382,-32.26377563183215,0
145.65879979065025,-29.294807072277287,0
146.63238129138585,-29.73823111893307,0
151.11392450512915,-30.23126767968733,0
150.79351541132078,-29.193556827968102,0
149.22905118970323,-31.25512596953576,0
142.0158091973086,-30.85408711694385,0
144.98597911632254,-33.937152962786875,0
148.11572681587776,-29.0523793850646,0
153.03885625162062,-29.346891782474188,0
149.81538567881955,-31.068542381130115,0
147.81417079985272,-35.75376010390836,0
151.6525764556704,-32.89932683610744,0
150.58007680746275,-33.345955543132646,0
145.96668415028847,-32.60065069485807,0
151.213144681021,-32.39787697661625,0
141.6478420564333,-33.727522263672505,0
145.31391648306166,-32.839857151401525,0
147.72334447847973,-34.647084449357806,0
143.52742500364994,-33.77090901266486,0
149.14799676684427,-34.01628962704212,0
149.06636150915685,-33.81403713173826,0
149.58927096934153,-36.348727380404895,0
149.1372129489348,-33.795773135308664,0
146.54532138048233,-31.410496382841014,0
141.82501084555807,-29.890298245082278,0
149.70227439228256,-29.693319631016454,0
147.51207976038836,-30.668192984014397,0
141.4393247727417,-31.117069050732923,0
148.2063123214047,-29.474347356396624,0
149.02351023035874,-33.97197140721021,0
143.03365393353775,-31.18242260319751,0
143.4253620026608,-34.45416235379664,0
146.3177215442023,-35.547941322407546,0
145.2505752343617,-34.74631689660075,0
145.3177466858796,-33.9931041804185,0
152.66105207707892,-30.176529366260176,0
146.71576437555245,-35.72950088125507,0
147.6023624500237,-29.08152276979252,0
143.35895360175678,-31.89099498876269,0
148.5833345416193,-35.17082763128603,0
146.2032230450761,-29.450190241031972,0
148.41303098106243,-35.146398794106354,0
141.6396019482152,-29.984874770701218,0
148.66957180734,-34.468620679663786,0
151.73910058368284,-31.065971611722528,0
147.7964514840702,-32.952493525555674,0
149.42506722393108,-31.078284911348288,0
144.01063594713193,-34.56152134115687,0
147.71382325543811,-34.84696663475794,0
143.11681354748757,-32.46807794440624,0
143.2024215394022,-29.558295850759244,0
145.36000329787277,-32.597436943730415,0
147.27121318493778,-29.782346747587376,0
141.80133854924335,-31.799463851933943,0
142.65749303219494,-33.847635083774456,0
151.02909839680723,-34.12906019497406,0
145.56757426414683,-31.58633674676621,0
151.4482078793777,-31.89240911770461,0
145.33795576261934,-31.403706475138815,0
141.40666174049161,-31.63462051457795,0
145.7971926551303,-35.276073751935414,0
151.36893869044172,-29.401093308093948,0
149.36308398705242,-34.144804015828676,0
146.7462729927044,-33.73582473951937,0
152.34603259899845,-30.81439599267278,0
147.11870253006282,-32.483032765302426,0
146.32603904781823,-35.370039278701455,0
141.59542949701094,-30.928386107721856,0
146.75490920332695,-35.53308663052881,0
146.11632435026073,-34.35089216017133,0
146.2007921486538,-31.200982323553283,0
150.1344314351666,-29.012020712426853,0
148.81600725949295,-31.87848854111837,0
146.9443631069591,-34.69898558140777,0
149.99657088039962,-31.69206708052111,0
148.14279273763722,-33.48733993379279,0
149.8248211185834,-32.844442383747676,0
152.07466702354645,-30.887195838466923,0
148.94322374473768,-33.664453550563266,0
153.42139451851727,-28.276244671438086,0
150.73217531238694,-28.682825249265427,0
149.60063439569797,-36.47023016209335,0
151.07058060210272,-30.486558719310274,0
146.6271814743278,-29.957446648545613,0
149.38984934165416,-32.573243354828094,0
153.22108597434715,-28.356036483607397,0
143.6893173241778,-31.186235116083353,0
152.63959310153422,-28.59244455962098,0
146.57608764243426,-34.02524377111924,0
151.45754348418947,-31.166837553769867,0
151.18516497339033,-30.271163002289633,0
144.41591132421408,-29.872260642802516,0
144.37958658786928,-29.286599336785272,0
152.90524566904597,-29.298502501934493,0
148.8212757762642,-31.9619223107954,0
144.84055072599978,-31.60683199536261,0
147.73405579503216,-29.869714560872644,0
144.53560379815627,-33.713398385142355,0
149.02988119697838,-33.7630164746617,0
145.8137964961242,-29.319340631844057,0
149.05995131053783,-30.780368171025394,0
147.169811649131,-30.182932836610917,0
145.56155617708177,-29.56165857033194,0
152.34242383879865,-28.973132118574,0
143.17271845273902,-29.730444836975472,0
141.94214510508982,-32.705939614865194,0
142.6410558426033,-29.11721940965298,0
142.54166767765685,-33.48533427521196,0
150.9539535956784,-32.62102669020067,0
149.14174384250467,-32.72436393919587,0
149.5556732563881,-34.907070449960756,0
144.02089142113604,-32.3898053783922,0
145.2481390865967,-33.565318940459726,0
143.7024096107032,-30.410034950435424,0
148.95527501604565,-35.09946298194963,0
144.12634542139722,-32.15679970172772,0
148.69685779005684,-32.85138520545889,0
150.340401032493,-31.929389212622212,0
147.8640370368906,-32.185428874310546,0
149.6672254857981,-32.9882169029204,0
151.20813245366642,-31.577189306700085,0
148.25533288541212,-34.8475154022854,0
141.88248792311046,-30.38104475635849,0
141.92921823745047,-31.788212115088527,0
151.93063505102688,-29.467897518090425,0
151.6876528214801,-29.151380868588937,0
143.86237421117238,-33.08718194576438,0
147.53390788283207,-29.535423666532353,0
147.50254751653677,-33.19080751913039,0
143.7201783015184,-29.895825614191477,0
144.43128618201166,-30.14193524793644,0
151.58444889200163,-32.94248147861771,0
142.15752777052387,-29.1224391193396,0
149.7762690459029,-29.327227176908814,0
143.04004702853763,-31.376409334077934,0
143.1941086967336,-33.97709572284019,0
146.8036914450985,-33.28033069352708,0
152.55157480917094,-30.71434025900103,0
142.1343070751762,-31.829769839885078,0
142.51312773095478,-34.635774372608665,0
146.52746175155565,-29.103505594734756,0
145.94286874485596,-31.914851127843306,0
145.3210146199413,-35.68485291089919,0
144.47823344677707,-33.46823584164759,0
149.43543585777329,-30.69816183452945,0
145.94697065358704,-30.784507326959776,0
148.67120855590244,-34.17449837997551,0
143.8423425279595,-31.736761236830358,0
145.27545994317273,-32.100498892166385,0
148.80337911572244,-35.002595607092644,0
141.60798632939847,-29.73323929362584,0
148.62985095659218,-30.93709371068785,0
146.60336428080595,-29.914933193017582,0
148.1343208965179,-33.77006356080878,0
149.4316213151952,-36.41450286855209,0
152.79010451297538,-29.612841549599995,0
150.331818074807,-34.685654818712734,0
143.73520526901737,-30.421187642698648,0
145.47424412248603,-35.60604585487432,0
152.77852808670127,-30.140269764466296,0
145.89864995777017,-32.69541874552657,0
150.33488881229084,-31.013746090761387,0
146.99778396225008,-35.46443376772199,0
145.30024607418113,-34.95160422920636,0
144.66762395097146,-31.965758879932448,0
153.26056643991976,-28.772700228742153,0
146.25391121979413,-33.68241316713019,0
149.6733811795945,-30.97288187217945,0
151.34031809973243,-32.80462349035132,0
146.2686685184338,-31.212214976010923,0
148.16444937266414,-34.04524435260041,0
143.93814336245046,-29.271129268069533,0
149.87620999817963,-29.840457887196123,0
149.8778939336576,-35.002637169512184,0
144.06831591414218,-33.5234067494415,0
143.57419917113373,-31.228366590756266,0
149.08041929303465,-37.13984245973196,0
150.19598574482845,-35.514746444362224,0
141.98816911191867,-33.026856229970385,0
144.07159680366053,-32.59331718293678,0
148.55601866076762,-36.70652806798465,0
152.16227994055384,-30.16178471496101,0
150.7886807647463,-29.849134364388824,0
144.9093458268567,-32.86110036786218,0
144.02360732788645,-31.851148690468058,0
149.406356360523,-33.19885861700732,0
151.1850865889858,-31.91541772779741,0
144.4571841859998,-35.81075143576498,0
148.05214656205172,-34.9901947653207,0
145.3426939490803,-34.098107705988994,0
144.73088925791382,-34.14656015613714,0
145.0925012476251,-29.93605518679623,0
150.21734327196324,-30.076233196409664,0
151.18733688675533,-32.81634708803264,0
143.74187835665285,-31.947551525733378,0
146.97302221180954,-32.25514396661053,0
142.6446981719283,-33.28380829112105,0
142.8332515927411,-33.48562108178347,0
147.7319667592107,-35.67925934939212,0
152.15470627316915,-29.887153520661844,0
141.08133222476758,-30.17756134270158,0
141.76641436639633,-33.539155855948145,0
145.6129828889301,-33.2006423473417,0
149.63907154785718,-33.832214852569976,0
146.33807169133357,-29.722855032047224,0
151.28338362225483,-29.576157692481512,0
148.25521776275252,-33.41005440585062,0
142.080295087262,-29.991545692187344,0
151.02851532560018,-32.39089312946604,0
147.4618572191648,-29.21012829885114,0
151.18211990932764,-33.86501773806218,0
147.74650663456427,-30.116156053999692,0
148.9206667994371,-32.73685600226539,0
145.1480528489351,-30.769755576935545,0
146.10989431220364,-31.742499500749005,0
142.33829040553806,-33.2091057032479,0
147.29796138222991,-33.158261915651714,0
150.64934270299682,-34.75611767098361,0
145.7630586004473,-33.59706678645333,0
151.14697812734548,-29.524688618230304,0
151.44838678998227,-32.69782417560794,0
145.53378827385953,-29.962729097606054,0
142.24342594503872,-29.5920388365034,0
152.12751703861645,-28.657445017011234,0
143.75619633644266,-32.84661061748668,0
142.0198525327645,-33.89501772683306,0
144.24560763597495,-29.672459202434744,0
143.2523251288449,-33.89182937632064,0
147.83216856290218,-30.6667179416743,0
146.5951922458812,-35.51183093494794,0
152.66561192567644,-28.481764727062497,0
144.8720276976958,-34.300281291490776,0
150.32504837138487,-33.488173609251355,0
141.9178817316764,-33.55846556825495,0
151.21117628897383,-31.907218449378867,0
150.99753305234802,-30.610945632030635,0
148.99851668522493,-33.705788563345216,0
150.80126965332806,-30.810061033157382,0
143.44727336614704,-30.96516560689747,0
144.44091828960967,-31.564713613618785,0
146.86800773083223,-33.20336333321544,0
142.94209971048704,-30.87332053065028,0
143.1732233358327,-31.68497124223106,0
145.30568823981113,-34.10770899620315,0
142.99315363259157,-34.485233332977295,0
144.44111577639484,-30.386702342789047,0
141.99622485073817,-29.482712339927403,0
142.7226121422952,-29.262853194608137,0
144.91677697893593,-29.73299688785535,0
149.1337289326231,-34.736773944391494,0
148.27717628678403,-32.91109496129559,0
145.4210208913101,-33.78318725891919,0
144.76298578530657,-35.67165631309165,0
148.97446780648153,-33.00685982700808,0
142.77578124886662,-30.692344989458203,0
147.87402544798005,-30.69047869375779,0
141.5958728348666,-30.747867085296996,0
143.76464543512174,-29.79693104576848,0
147.72729391722015,-32.279244733223976,0
141.14428212531956,-31.129284052413677,0
149.09475994744696,-35.40688096014891,0
149.1570497481231,-33.21400814252871,0
150.71822364734263,-29.412965550169375,0
144.86061614746265,-32.51433307838076,0
144.9918325447684,-33.36901920214926,0
146.29725819625827,-32.40668111614708,0
143.1317643438935,-31.30943390684557,0
149.22070189235026,-34.2121366952271,0
150.0445554855237,-31.51925571512389,0
152.46027320671655,-28.274332579307867,0
148.25989166799573,-36.19142735671326,0
147.04569039392743,-30.2306015939043,0
147.92252188954362,-32.330036085771304,0
150.1490500931092,-30.138842715820772,0
149.98699511272739,-32.36038929658539,0
150.05665098979478,-30.79600422516149,0
151.808805897294,-31.825896088355844,0
144.4122198497896,-35.343011983181285,0
142.1440750377727,-32.932645428864554,0
152.150730065568,-29.249502011144425,0
146.63784328265157,-35.92567397846807,0
141.11260490830054,-29.059361232797208,0
146.00090866681896,-33.6748633474867,0
149.76651316882425,-35.42865798816424,0
150.3615777151007,-30.689415002577146,0
142.13716157747112,-30.844212477323467,0
147.8855438147487,-33.698221480555084,0
150.373965538538,-32.45678203627132,0
146.22531595355477,-29.765271592933004,0
145.29182055266511,-31.975607561298474,0
151.6574186178795,-30.61747584856208,0
151.07159544314766,-29.378646753181133,0
150.8412556130906,-32.23038595427,0
142.0074859599407,-30.118849050793038,0
151.8009702425814,-31.168384893108737,0
146.02583397764337,-29.19144367813764,0
147.78119512697643,-32.7281362835207,0
143.75142579889481,-33.532525891236126,0
152.32777495916392,-30.046845171592164,0
151.61732847626942,-30.202815326773397,0
147.0936013491414,-29.88963257699563,0
151.20293779848703,-30.55836582153195,0
145.3732689091353,-29.23368046169447,0
149.78060943928296,-32.430963170523995,0
148.88528531211938,-30.02742406177656,0
148.22417876339583,-29.43653144727397,0
142.90546440416185,-31.190877699302114,0
144.87498334509345,-32.57938559124014,0
144.22637984339596,-33.07739459864348,0
148.68479171050421,-30.763655094804474,0
146.02814514508788,-32.87579046597062,0
149.65393577617607,-36.52674102876084,0
141.76170617541996,-30.438017074559788,0
149.0885003634972,-34.56765626163566,0
146.10162863072642,-31.711324591621153,0
152.12206326950374,-30.964443470207055,0
148.31721105058332,-36.26196761358109,0
145.4666943308389,-35.08183458897808,0
150.02553763604516,-30.281115501953156,0
142.10301377016,-31.551291036950623,0
141.30082565624807,-33.79276139210029,0
146.4243742157494,-30.83485166686822,0
146.25441200306108,-34.98791522316263,0
146.82109284418303,-32.49638192874892,0
143.9536169860283,-33.31005340517096,0
147.67936672411335,-35.16547026409518,0
151.8786656467121,-32.78249140015903,0
144.56054643377743,-29.513932390203433,0
150.51680558304992,-29.168823211432738,0
152.3279455309657,-28.769730114243167,0
144.63617008037122,-32.71165020878448,0
147.904490010065,-31.82604886915138,0
146.93509213378331,-33.75561096739549,0
147.5073941173453,-29.479146712306374,0
148.6170599152383,-31.630768167952947,0
142.34257825633293,-32.565783234793265,0
142.11012350138017,-33.496752512973714,0
149.77615061570518,-30.1907433124944,0
144.17738659936765,-33.650922027158416,0
151.59104165796688,-30.296131057143082,0
152.34483415300855,-32.361125213438,0
151.17650895643303,-28.90741398086159,0
150.42373303239353,-35.0948989492584,0
142.94724584632186,-32.68852683913651,0
149.12293674501004,-32.99530597812806,0
142.0841504170242,-29.47757839636387,0
149.68298589219592,-30.85170895268346,0
147.8232750690384,-34.028801780517924,0
149.12312462467213,-34.57013712956503,0
148.15782518896373,-30.46625221674215,0
141.65818619525828,-33.64629052141511,0
152.16815941565324,-32.38377443027951,0
148.2617767421173,-31.70159713673172,0
148.2987233948454,-32.64546819671152,0
145.21724227266378,-30.347065621005164,0
150.79905128954744,-34.346330674669304,0
151.04351966507366,-30.99898675313024,0
148.33305433412292,-29.661682948091592,0
149.1581350180192,-29.144846597412716,0
149.5509404176038,-28.64072928016121,0
152.66935028582594,-29.612645515821196,0
146.26632687640202,-33.6684927306851,0
151.03125500588453,-30.7962411424377,0
147.87157460237057,-32.90566876445645,0
142.30895186858515,-33.81563196883384,0
151.17487550904332,-30.455597691492372,0
144.13062962538524,-31.822741508398884,0
145.89780735822632,-35.020910182233166,0
146.134167027569,-29.776474882699922,0
147.75875712340334,-31.460882697517174,0
147.9686953745186,-31.5688729596241,0
149.02684099225382,-32.02339606197182,0
147.7184164249872,-31.43568281135957,0
148.07405329499412,-36.28992513197699,0
150.20239619619971,-32.031768362460944,0
147.60964468647097,-34.49457965159359,0
148.84148321090538,-36.30770732978909,0
143.53572902631427,-32.01776749029475,0
145.6504309650768,-35.8598992390573,0
147.2237974397096,-32.21450544650734,0
148.79324623831485,-29.25527255484849,0
146.32370522603716,-34.0971391287325,0
145.74938933039022,-30.411547591578163,0
147.86269234368643,-30.228355835773346,0
148.21428794335927,-31.015129322818886,0
151.13485059946026,-30.103425770395866,0
144.9264886292784,-33.64212712975709,0
145.93524695118901,-33.79934300538283,0
144.62725997303983,-33.50036355328048,0
149.80140968155789,-35.808337537422965,0
149.2747124802606,-29.598446095344862,0
145.57858394466362,-29.303907994691208,0
145.24639934526454,-32.25990303438641,0
150.7248335847342,-33.607111285743756,0
142.19742603982618,-32.233405833367215,0
146.35772287152616,-31.235294191090478,0
146.5817201455939,-34.256912133098666,0
147.75082280988948,-32.68463634558687,0
146.5014740079944,-33.436093249915174,0
149.49635604318797,-34.506337961192855,0
147.1095918167387,-30.2419596368505,0
149.17160522002814,-32.66670779067235,0
147.30755376132768,-30.602975911453154,0
148.18305742806933,-34.55952706633109,0
151.2466942522129,-31.122555850993614,0
151.92080909963173,-30.78570669821204,0
142.54018498042845,-33.94562563792121,0
