X,Y,prob
147.1,-35.89999999999994,0.10624848132986348
147.2,-35.89999999999994,0.0427564767223806
147.29999999999998,-35.89999999999994,0.08234484523939806
147.39999999999998,-35.89999999999994,0.08527924054436559
147.49999999999997,-35.89999999999994,0.11202638358964465
147.59999999999997,-35.89999999999994,0.06508904276018646
147.69999999999996,-35.89999999999994,0.1229979058582179
147.79999999999995,-35.89999999999994,0.09157650480502592
147.89999999999995,-35.89999999999994,0.02191707643710248
147.99999999999994,-35.89999999999994,0.02022914993424506
148.09999999999994,-35.89999999999994,0.09910725381777441
148.19999999999993,-35.89999999999994,0.05570157459429481
148.29999999999993,-35.89999999999994,0.07567104352810025
148.39999999999992,-35.89999999999994,0.12676328036459214
148.5999999999999,-35.89999999999994,0.07894302413363928
148.6999999999999,-35.89999999999994,0.10245713872344529
148.7999999999999,-35.89999999999994,0.0811373285873539
148.8999999999999,-35.89999999999994,0.1247507526111852
148.9999999999999,-35.89999999999994,0.09071955750357526
149.09999999999988,-35.89999999999994,0.10441773027676433
149.19999999999987,-35.89999999999994,0.0777355074815951
149.29999999999987,-35.89999999999994,0.06371273345785655
149.39999999999986,-35.89999999999994,0.07263277582295694
149.49999999999986,-35.89999999999994,0.06936079521741792
149.59999999999985,-35.89999999999994,0.1317491555730325
149.69999999999985,-35.89999999999994,0.19520220803044946
149.79999999999984,-35.89999999999994,0.202044802392033
149.89999999999984,-35.89999999999994,0.12451703971078953
147.1,-35.79999999999994,0.09795167336581818
147.2,-35.79999999999994,0.06346603650743893
147.29999999999998,-35.79999999999994,0.023020720688970788
147.39999999999998,-35.79999999999994,0.009582228916221344
147.49999999999997,-35.79999999999994,0.04064007656879783
147.59999999999997,-35.79999999999994,0.052312737538557995
147.69999999999996,-35.79999999999994,0.058817746599570044
147.79999999999995,-35.79999999999994,0.011101362768793022
147.89999999999995,-35.79999999999994,0.008348744164133231
147.99999999999994,-35.79999999999994,0.02542276994303712
148.09999999999994,-35.79999999999994,0.08060498253645272
148.19999999999993,-35.79999999999994,0.2426329427607429
148.29999999999993,-35.79999999999994,0.07307423352370425
148.39999999999992,-35.79999999999994,0.06276489780625201
148.6999999999999,-35.79999999999994,0.07149017942102266
148.7999999999999,-35.79999999999994,0.12699699326498776
148.8999999999999,-35.79999999999994,0.08431842084273905
148.9999999999999,-35.79999999999994,0.07574894782823215
149.09999999999988,-35.79999999999994,0.11963503690252505
149.19999999999987,-35.79999999999994,0.1274254669157131
149.29999999999987,-35.79999999999994,0.07426876612572642
149.39999999999986,-35.79999999999994,0.14453844484468292
149.49999999999986,-35.79999999999994,0.09497832591078474
149.59999999999985,-35.79999999999994,0.15502955726244289
149.69999999999985,-35.79999999999994,0.23623180609990668
149.79999999999984,-35.79999999999994,0.1988377420366039
147.1,-35.69999999999994,0.03330408830637906
147.2,-35.69999999999994,0.029642586200180666
147.29999999999998,-35.69999999999994,0.039601352567039436
147.39999999999998,-35.69999999999994,0.0978737690656863
147.49999999999997,-35.69999999999994,0.020618671434904465
147.59999999999997,-35.69999999999994,0.03031775680132363
147.69999999999996,-35.69999999999994,0.02067060763499239
147.79999999999995,-35.69999999999994,0.02126787393600347
147.89999999999995,-35.69999999999994,0.010361271917540152
147.99999999999994,-35.69999999999994,0.03087607095226878
148.09999999999994,-35.69999999999994,0.026786095195345028
148.19999999999993,-35.69999999999994,0.21654798626658478
148.29999999999993,-35.69999999999994,0.1333202256256921
148.39999999999992,-35.69999999999994,0.09978242441891742
148.6999999999999,-35.69999999999994,0.029837346950510362
148.7999999999999,-35.69999999999994,0.07570999567816622
148.8999999999999,-35.69999999999994,0.05374098304097581
148.9999999999999,-35.69999999999994,0.059168315950163496
149.09999999999988,-35.69999999999994,0.10275577187395084
149.19999999999987,-35.69999999999994,0.09630269901302672
149.29999999999987,-35.69999999999994,0.07051637566937415
149.39999999999986,-35.69999999999994,0.1478363935502659
149.49999999999986,-35.69999999999994,0.09765304021531263
149.59999999999985,-35.69999999999994,0.12464688021100936
149.69999999999985,-35.69999999999994,0.19962976908794472
149.79999999999984,-35.69999999999994,0.1982015235855269
149.89999999999984,-35.69999999999994,0.3042033079649727
147.1,-35.59999999999994,0.03622549956132459
147.2,-35.59999999999994,0.03964030471710537
147.29999999999998,-35.59999999999994,0.03603073881099489
147.39999999999998,-35.59999999999994,0.06340111625732903
147.49999999999997,-35.59999999999994,0.023267417639388412
147.59999999999997,-35.59999999999994,0.09819837031623581
147.69999999999996,-35.59999999999994,0.012984050021980142
147.79999999999995,-35.59999999999994,0.022306597937761886
147.89999999999995,-35.59999999999994,0.014191566674024292
147.99999999999994,-35.59999999999994,0.02198199668721238
148.09999999999994,-35.59999999999994,0.02992823530066423
148.19999999999993,-35.59999999999994,0.07625532577908936
148.29999999999993,-35.59999999999994,0.20662817204979197
148.39999999999992,-35.59999999999994,0.10397627257601699
148.49999999999991,-35.59999999999994,0.2433600495619738
148.5999999999999,-35.59999999999994,0.2991784806064664
148.6999999999999,-35.59999999999994,0.05911637975007559
148.7999999999999,-35.59999999999994,0.030097027950949973
148.8999999999999,-35.59999999999994,0.08052707823632084
148.9999999999999,-35.59999999999994,0.033005455155873525
149.09999999999988,-35.59999999999994,0.12041407990384384
149.19999999999987,-35.59999999999994,0.09099222255403683
149.29999999999987,-35.59999999999994,0.13843594133435227
149.39999999999986,-35.59999999999994,0.11980382955281077
149.49999999999986,-35.59999999999994,0.07273664822313275
149.59999999999985,-35.59999999999994,0.1080922164329847
149.69999999999985,-35.59999999999994,0.19763022538455974
149.79999999999984,-35.59999999999994,0.16367693457708166
149.89999999999984,-35.59999999999994,0.20675801255001175
147.1,-35.499999999999936,0.06871159271631891
147.2,-35.499999999999936,0.15708103716591576
147.29999999999998,-35.499999999999936,0.05255943448897562
147.39999999999998,-35.499999999999936,0.028006595897411165
147.49999999999997,-35.499999999999936,0.0038043266564401833
147.59999999999997,-35.499999999999936,0.002376081154022366
147.69999999999996,-35.499999999999936,0.01854122343138764
147.79999999999995,-35.499999999999936,0.004648289907868889
147.89999999999995,-35.499999999999936,0.021202953685893568
147.99999999999994,-35.499999999999936,0.009192707415561939
148.09999999999994,-35.499999999999936,0.08378607479183785
148.19999999999993,-35.499999999999936,0.10992296748608389
148.29999999999993,-35.499999999999936,0.143850290193518
148.39999999999992,-35.499999999999936,0.1868794319663602
148.49999999999991,-35.499999999999936,0.19428034047888887
148.5999999999999,-35.499999999999936,0.23394661329603822
148.6999999999999,-35.499999999999936,0.0782029332823864
148.7999999999999,-35.499999999999936,0.01782710068017873
148.8999999999999,-35.499999999999936,0.026357621544619687
148.9999999999999,-35.499999999999936,0.06221956770532883
149.09999999999988,-35.499999999999936,0.07556717112792441
149.19999999999987,-35.499999999999936,0.0781899492323644
149.29999999999987,-35.499999999999936,0.09110907900423466
149.39999999999986,-35.499999999999936,0.12798378106665825
149.49999999999986,-35.499999999999936,0.09442001175983959
149.59999999999985,-35.499999999999936,0.11075394668749061
149.69999999999985,-35.499999999999936,0.2936732433971468
149.79999999999984,-35.499999999999936,0.17081816208917075
149.89999999999984,-35.499999999999936,0.21640516171634297
147.1,-35.399999999999935,0.03183689065389531
147.2,-35.399999999999935,0.02831821309793869
147.29999999999998,-35.399999999999935,0.008076079113671648
147.39999999999998,-35.399999999999935,0.011971294120265692
147.49999999999997,-35.399999999999935,0.00640113666083621
147.59999999999997,-35.399999999999935,0.03418700370787372
147.69999999999996,-35.399999999999935,0.014087694273848454
147.79999999999995,-35.399999999999935,0.030512517551653334
147.89999999999995,-35.399999999999935,0.060869226503042904
147.99999999999994,-35.399999999999935,0.03165511395358758
148.09999999999994,-35.399999999999935,0.09491340566067483
148.19999999999993,-35.399999999999935,0.14333092819263882
148.29999999999993,-35.399999999999935,0.07404803727535275
148.39999999999992,-35.399999999999935,0.19661746948284528
148.49999999999991,-35.399999999999935,0.16135278962314722
148.5999999999999,-35.399999999999935,0.13350200232599982
148.6999999999999,-35.399999999999935,0.03587493021073112
148.7999999999999,-35.399999999999935,0.03557629706022558
148.8999999999999,-35.399999999999935,0.04632709047842515
148.9999999999999,-35.399999999999935,0.06654325636264823
149.09999999999988,-35.399999999999935,0.06885441726656069
149.19999999999987,-35.399999999999935,0.09695190151412572
149.29999999999987,-35.399999999999935,0.12525713056204246
149.39999999999986,-35.399999999999935,0.10659905068045697
149.49999999999986,-35.399999999999935,0.06379063775798843
149.59999999999985,-35.399999999999935,0.10659905068045697
149.69999999999985,-35.399999999999935,0.18728193751704159
149.79999999999984,-35.399999999999935,0.22603932683265227
149.89999999999984,-35.399999999999935,0.23055777624030135
147.1,-35.29999999999993,0.012750337121584498
147.2,-35.29999999999993,0.01289316167182628
147.29999999999998,-35.29999999999993,0.008179951513847487
147.39999999999998,-35.29999999999993,0.11306510759140308
147.49999999999997,-35.29999999999993,0.07372343602480325
147.59999999999997,-35.29999999999993,0.05216991298831622
147.69999999999996,-35.29999999999993,0.008829154014946498
147.79999999999995,-35.29999999999993,0.011919357920177771
147.89999999999995,-35.29999999999993,0.05911637975007559
147.99999999999994,-35.29999999999993,0.058661937999306274
148.09999999999994,-35.29999999999993,0.0885901732999705
148.19999999999993,-35.29999999999993,0.05732458084704231
148.29999999999993,-35.29999999999993,0.07956625853469432
148.39999999999992,-35.29999999999993,0.0944329958098616
148.49999999999991,-35.29999999999993,0.15752249486666303
148.5999999999999,-35.29999999999993,0.12247854385733867
148.6999999999999,-35.29999999999993,0.041133470469633095
148.7999999999999,-35.29999999999993,0.023410242189630195
148.8999999999999,-35.29999999999993,0.04139315147007268
148.9999999999999,-35.29999999999993,0.0605446252524934
149.09999999999988,-35.29999999999993,0.09560156031183976
149.19999999999987,-35.29999999999993,0.16214797495692576
149.29999999999987,-35.29999999999993,0.13912409598551723
149.39999999999986,-35.29999999999993,0.11910269085162385
149.49999999999986,-35.29999999999993,0.14139630473936374
149.59999999999985,-35.29999999999993,0.1630147480259607
149.69999999999985,-35.29999999999993,0.18933341742051443
149.79999999999984,-35.29999999999993,0.2428277035110726
149.89999999999984,-35.29999999999993,0.24730720076865578
147.1,-35.19999999999993,0.03317424780615926
147.2,-35.19999999999993,0.01367220467314509
147.29999999999998,-35.19999999999993,0.037497936463478654
147.39999999999998,-35.19999999999993,0.12630883861382278
147.49999999999997,-35.19999999999993,0.006011615160176807
147.59999999999997,-35.19999999999993,0.026838031395432952
147.69999999999996,-35.19999999999993,0.005946694910066904
147.79999999999995,-35.19999999999993,0.04843050658198593
147.89999999999995,-35.19999999999993,0.11332478859184268
147.99999999999994,-35.19999999999993,0.13430701342736256
148.09999999999994,-35.19999999999993,0.09086238205381703
148.19999999999993,-35.19999999999993,0.08092958378700224
148.29999999999993,-35.19999999999993,0.2156261187150242
148.39999999999992,-35.19999999999993,0.12369904455940484
148.49999999999991,-35.19999999999993,0.05820749624853697
148.5999999999999,-35.19999999999993,0.14016281998727562
148.6999999999999,-35.19999999999993,0.03438176445820341
148.7999999999999,-35.19999999999993,0.023111609039124657
148.8999999999999,-35.19999999999993,0.01739862702945339
148.9999999999999,-35.19999999999993,0.05819451219851499
149.09999999999988,-35.19999999999993,0.09449791605997145
149.19999999999987,-35.19999999999993,0.13477443922815388
149.29999999999987,-35.19999999999993,0.09255030855667444
149.39999999999986,-35.19999999999993,0.1141687518432714
149.49999999999986,-35.19999999999993,0.10354779892529163
149.59999999999985,-35.19999999999993,0.06411523900853794
149.69999999999985,-35.19999999999993,0.18118259228914865
149.79999999999984,-35.19999999999993,0.24812835420247828
149.89999999999984,-35.19999999999993,0.30071059850906
147.1,-35.09999999999993,0.028538941948312354
147.2,-35.09999999999993,0.003674486156220381
147.29999999999998,-35.09999999999993,0.016723456428310426
147.39999999999998,-35.09999999999993,0.009841909916660944
147.49999999999997,-35.09999999999993,0.0067906581614956135
147.59999999999997,-35.09999999999993,0.04228905092158932
147.69999999999996,-35.09999999999993,0.0038692469065500835
147.79999999999995,-35.09999999999993,0.03191479495402718
147.89999999999995,-35.09999999999993,0.07547628277777058
147.99999999999994,-35.09999999999993,0.20779673655177017
148.09999999999994,-35.09999999999993,0.22997349398931224
148.19999999999993,-35.09999999999993,0.24629444486694133
148.29999999999993,-35.09999999999993,0.2511894317252278
148.39999999999992,-35.09999999999993,0.16466372237875213
148.49999999999991,-35.09999999999993,0.03804326656440181
148.5999999999999,-35.09999999999993,0.0968999653140378
148.6999999999999,-35.09999999999993,0.029512745699960864
148.7999999999999,-35.09999999999993,0.010127559017144508
148.8999999999999,-35.09999999999993,0.016619584028134585
148.9999999999999,-35.09999999999993,0.017892020930288632
149.09999999999988,-35.09999999999993,0.03970522496721527
149.19999999999987,-35.09999999999993,0.07248995127271513
149.29999999999987,-35.09999999999993,0.10276875592397283
149.39999999999986,-35.09999999999993,0.10278915943115025
149.49999999999986,-35.09999999999993,0.18523787707072412
149.59999999999985,-35.09999999999993,0.09536784741144413
149.69999999999985,-35.09999999999993,0.09186215390550949
149.79999999999984,-35.09999999999993,0.2749372592154295
149.89999999999984,-35.09999999999993,0.3116172005275234
147.1,-34.99999999999993,0.026292701294509783
147.2,-34.99999999999993,0.0371343830628632
147.29999999999998,-34.99999999999993,0.029512745699960864
147.39999999999998,-34.99999999999993,0.02204691693732228
147.49999999999997,-34.99999999999993,0.01847630318127774
147.59999999999997,-34.99999999999993,0.04048426796853408
147.69999999999996,-34.99999999999993,0.04074394896897368
147.79999999999995,-34.99999999999993,0.08008562053557351
147.89999999999995,-34.99999999999993,0.08066990278656262
147.99999999999994,-34.99999999999993,0.22553294888179504
148.09999999999994,-34.99999999999993,0.4154246804532546
148.19999999999993,-34.99999999999993,0.6362963553771587
148.29999999999993,-34.99999999999993,0.3036320097640056
148.39999999999992,-34.99999999999993,0.050923444186206125
148.49999999999991,-34.99999999999993,0.045340302676754644
148.5999999999999,-34.99999999999993,0.04923551768334869
148.6999999999999,-34.99999999999993,0.015126418275606865
148.7999999999999,-34.99999999999993,0.01681434477846428
148.8999999999999,-34.99999999999993,0.013659220623123103
148.9999999999999,-34.99999999999993,0.012893161671826277
149.09999999999988,-34.99999999999993,0.01211411867050747
149.19999999999987,-34.99999999999993,0.03262891770523609
149.29999999999987,-34.99999999999993,0.045353286726776645
149.39999999999986,-34.99999999999993,0.18428262196196415
149.49999999999986,-34.99999999999993,0.31490216518308434
149.59999999999985,-34.99999999999993,0.1436425453931663
149.69999999999985,-34.99999999999993,0.12360815620925095
149.79999999999984,-34.99999999999993,0.20579719284838524
149.89999999999984,-34.99999999999993,0.43408276033484
147.1,-34.89999999999993,0.023825731790333565
147.2,-34.89999999999993,0.007621637362902341
147.29999999999998,-34.89999999999993,0.025357849692927214
147.39999999999998,-34.89999999999993,0.03560226516026954
147.49999999999997,-34.89999999999993,0.02250135868809158
147.59999999999997,-34.89999999999993,0.06018107185187794
147.69999999999996,-34.89999999999993,0.07641113437935314
147.79999999999995,-34.89999999999993,0.12164756465593196
147.89999999999995,-34.89999999999993,0.017554435629717154
147.99999999999994,-34.89999999999993,0.019956484883783477
148.09999999999994,-34.89999999999993,0.21650903411651884
148.19999999999993,-34.89999999999993,0.42999278457791623
148.29999999999993,-34.89999999999993,0.3176807518877881
148.39999999999992,-34.89999999999993,0.05600020774480035
148.49999999999991,-34.89999999999993,0.034823222158950735
148.5999999999999,-34.89999999999993,0.019242362132574572
148.6999999999999,-34.89999999999993,0.03074623045204897
148.7999999999999,-34.89999999999993,0.02781183514708146
148.8999999999999,-34.89999999999993,0.012984050021980142
148.9999999999999,-34.89999999999993,0.00477813040808869
149.09999999999988,-34.89999999999993,0.01763233992984903
149.19999999999987,-34.89999999999993,0.03213552380440085
149.29999999999987,-34.89999999999993,0.04321091847314991
149.39999999999986,-34.89999999999993,0.13243731022419744
149.49999999999986,-34.89999999999993,0.21361359096161725
149.59999999999985,-34.89999999999993,0.14364254539316632
149.69999999999985,-34.89999999999993,0.11650588084722778
149.79999999999984,-34.89999999999993,0.2788973944721334
149.89999999999984,-34.89999999999993,0.48660324267374977
147.1,-34.799999999999926,0.013334619372573605
147.2,-34.799999999999926,0.0021164001535827633
147.29999999999998,-34.799999999999926,0.02592914789389434
147.39999999999998,-34.799999999999926,0.01385398137345281
147.49999999999997,-34.799999999999926,0.04319793442312793
147.59999999999997,-34.799999999999926,0.02087835243534407
147.69999999999996,-34.799999999999926,0.011010474418639157
147.79999999999995,-34.799999999999926,0.07670976752985868
147.89999999999995,-34.799999999999926,0.02099520888554189
147.99999999999994,-34.799999999999926,0.01674942452835438
148.09999999999994,-34.799999999999926,0.34188302112875907
148.19999999999993,-34.799999999999926,0.3200698170918324
148.29999999999993,-34.799999999999926,0.15147192755642033
148.39999999999992,-34.799999999999926,0.012010246270331633
148.49999999999991,-34.799999999999926,0.011412979969320542
148.5999999999999,-34.799999999999926,0.006972434861803337
148.6999999999999,-34.799999999999926,0.013321635322551624
148.7999999999999,-34.799999999999926,0.005868790609935023
148.8999999999999,-34.799999999999926,0.019566963383124077
148.9999999999999,-34.799999999999926,0.009192707415561939
149.09999999999988,-34.799999999999926,0.017917989030332593
149.19999999999987,-34.799999999999926,0.010815713668309457
149.29999999999987,-34.799999999999926,0.05976558225117457
149.39999999999986,-34.799999999999926,0.0615833492542518
149.49999999999986,-34.799999999999926,0.056285856845283894
149.59999999999985,-34.799999999999926,0.07813801303227651
149.69999999999985,-34.799999999999926,0.17363570094394043
149.79999999999984,-34.799999999999926,0.2943224458982458
149.89999999999984,-34.799999999999926,0.35020579719284833
147.1,-34.699999999999925,0.0184373510312118
147.2,-34.699999999999925,0.01181548552000193
147.29999999999998,-34.699999999999925,0.018021861430508438
147.39999999999998,-34.699999999999925,0.02931798494963116
147.49999999999997,-34.699999999999925,0.040341443418292294
147.59999999999997,-34.699999999999925,0.03555032896018162
147.69999999999996,-34.699999999999925,0.02466969504176227
147.79999999999995,-34.699999999999925,0.07321705807394603
147.89999999999995,-34.699999999999925,0.06607583056185694
147.99999999999994,-34.699999999999925,0.07889108793355135
148.09999999999994,-34.699999999999925,0.47808570585933086
148.19999999999993,-34.699999999999925,0.48190301656579304
148.29999999999993,-34.699999999999925,0.1993311359374391
148.39999999999992,-34.699999999999925,0.09569244866199363
148.49999999999991,-34.699999999999925,0.032888598705675696
148.5999999999999,-34.699999999999925,0.0021423682536267246
148.6999999999999,-34.699999999999925,0.0128801776218043
148.7999999999999,-34.699999999999925,0.00649202501099007
148.8999999999999,-34.699999999999925,0.017723228280002893
148.9999999999999,-34.699999999999925,0.01149088426945242
149.09999999999988,-34.699999999999925,0.0021164001535827633
149.19999999999987,-34.699999999999925,0.02107311318567377
149.29999999999987,-34.699999999999925,0.037420032163346766
149.39999999999986,-34.699999999999925,0.024643726941718312
149.49999999999986,-34.699999999999925,0.05801273549820727
149.59999999999985,-34.699999999999925,0.07433368637583632
149.69999999999985,-34.699999999999925,0.18564594721427205
149.79999999999984,-34.699999999999925,0.28499989798246406
149.89999999999984,-34.699999999999925,0.2638358964466364
147.1,-34.59999999999992,0.03912094271622617
147.2,-34.59999999999992,0.09056374890331148
147.29999999999998,-34.59999999999992,0.025747371193586627
147.39999999999998,-34.59999999999992,0.042198162571435466
147.49999999999997,-34.59999999999992,0.019644867683255955
147.59999999999997,-34.59999999999992,0.06108995535341657
147.69999999999996,-34.59999999999992,0.05031319383517305
147.79999999999995,-34.59999999999992,0.07782639583174898
147.89999999999995,-34.59999999999992,0.010945554168529258
147.99999999999994,-34.59999999999992,0.09725053466463127
148.09999999999994,-34.59999999999992,0.6260519399098166
148.19999999999993,-34.59999999999992,0.6965812996292128
148.29999999999993,-34.59999999999992,0.07547628277777058
148.39999999999992,-34.59999999999992,0.07102275362023137
148.49999999999991,-34.59999999999992,0.0043236886573193856
148.5999999999999,-34.59999999999992,0.012945097871914201
148.6999999999999,-34.59999999999992,0.01289316167182628
148.7999999999999,-34.59999999999992,0.008400680364221149
148.8999999999999,-34.59999999999992,0.00828382391402333
148.9999999999999,-34.59999999999992,0.013074938372134
149.09999999999988,-34.59999999999992,0.014710928674903498
149.19999999999987,-34.59999999999992,0.01389293352351875
149.29999999999987,-34.59999999999992,0.06949063571763772
149.39999999999986,-34.59999999999992,0.017762180430068834
149.49999999999986,-34.59999999999992,0.06938676331746188
149.59999999999985,-34.59999999999992,0.0918621539055095
149.69999999999985,-34.59999999999992,0.07911181678392501
149.79999999999984,-34.59999999999992,0.2178723593688268
149.89999999999984,-34.59999999999992,0.3468688963371995
147.1,-34.49999999999992,0.01815170193072824
147.2,-34.49999999999992,0.02107311318567377
147.29999999999998,-34.49999999999992,0.011075394668749058
147.39999999999998,-34.49999999999992,0.029408873299785015
147.49999999999997,-34.49999999999992,0.016814344778464285
147.59999999999997,-34.49999999999992,0.04424964247490833
147.69999999999996,-34.49999999999992,0.07463231952634188
147.79999999999995,-34.49999999999992,0.059791550351218546
147.89999999999995,-34.49999999999992,0.01188040577011183
147.99999999999994,-34.49999999999992,0.1136364057923702
148.09999999999994,-34.49999999999992,0.4304602103787076
148.19999999999993,-34.49999999999992,0.33071673810985613
148.29999999999993,-34.49999999999992,0.052624354739085506
148.39999999999992,-34.49999999999992,0.06497218630998863
148.49999999999991,-34.49999999999992,0.16591019118086228
148.5999999999999,-34.49999999999992,0.061635285454339724
148.6999999999999,-34.49999999999992,0.010685873168089657
148.7999999999999,-34.49999999999992,0.014516167924573801
148.8999999999999,-34.49999999999992,0.028162404497674935
148.9999999999999,-34.49999999999992,0.012205007020661332
149.09999999999988,-34.49999999999992,0.0
149.19999999999987,-34.49999999999992,0.021657395436662875
149.29999999999987,-34.49999999999992,0.0412633109698529
149.39999999999986,-34.49999999999992,0.01730773867929953
149.49999999999986,-34.49999999999992,0.04347059947358951
149.59999999999985,-34.49999999999992,0.08173459488836499
149.69999999999985,-34.49999999999992,0.17853068780222692
149.79999999999984,-34.49999999999992,0.23589422079933525
149.89999999999984,-34.49999999999992,0.46101168008042703
147.1,-34.39999999999992,0.03764076101372043
147.2,-34.39999999999992,0.0713343708207589
147.29999999999998,-34.39999999999992,0.04745670283033741
147.39999999999998,-34.39999999999992,0.0670885864635714
147.49999999999997,-34.39999999999992,0.061102939403438535
147.59999999999997,-34.39999999999992,0.10073026007052197
147.69999999999996,-34.39999999999992,0.122894033458042
147.79999999999995,-34.39999999999992,0.018761952281761307
147.89999999999995,-34.39999999999992,0.03551137681011568
147.99999999999994,-34.39999999999992,0.056870139096273024
148.09999999999994,-34.39999999999992,0.32745774155433915
148.19999999999993,-34.39999999999992,0.11152000563878744
148.29999999999993,-34.39999999999992,0.05554576599403105
148.39999999999992,-34.39999999999992,0.09783481691562035
148.49999999999991,-34.39999999999992,0.08821363584933309
148.5999999999999,-34.39999999999992,0.06868562461627495
148.6999999999999,-34.39999999999992,0.03477128595886282
148.7999999999999,-34.39999999999992,0.032161491904444804
148.8999999999999,-34.39999999999992,0.018917760882025063
148.9999999999999,-34.39999999999992,0.031758986353763424
149.09999999999988,-34.39999999999992,0.017723228280002893
149.19999999999987,-34.39999999999992,0.014048742123782513
149.29999999999987,-34.39999999999992,0.0390949746161822
149.39999999999986,-34.39999999999992,0.08636990074621191
149.49999999999986,-34.39999999999992,0.06569929311121953
149.59999999999985,-34.39999999999992,0.04613232972809543
149.69999999999985,-34.39999999999992,0.16427420087809275
149.79999999999984,-34.39999999999992,0.2096015195048254
149.89999999999984,-34.39999999999992,0.3521923568462113
147.1,-34.29999999999992,0.07808607683218859
147.2,-34.29999999999992,0.054078568341547284
147.29999999999998,-34.29999999999992,0.11013071228643559
147.39999999999998,-34.29999999999992,0.1271787699652955
147.49999999999997,-34.29999999999992,0.15597739291404744
147.59999999999997,-34.29999999999992,0.14922568690261778
147.69999999999996,-34.29999999999992,0.05546786169389915
147.79999999999995,-34.29999999999992,0.0605446252524934
147.89999999999995,-34.29999999999992,0.02096924078549793
147.99999999999994,-34.29999999999992,0.056935059346382925
148.09999999999994,-34.29999999999992,0.04473005232572159
148.19999999999993,-34.29999999999992,0.03252504530506025
148.29999999999993,-34.29999999999992,0.02782481919710345
148.39999999999992,-34.29999999999992,0.03466741355868698
148.49999999999991,-34.29999999999992,0.0390300543660723
148.5999999999999,-34.29999999999992,0.013412523672705482
148.6999999999999,-34.29999999999992,0.05645464949556965
148.7999999999999,-34.29999999999992,0.030473565401587393
148.8999999999999,-34.29999999999992,0.09248538830656455
148.9999999999999,-34.29999999999992,0.01993051678373952
149.09999999999988,-34.29999999999992,0.022111837187432187
149.19999999999987,-34.29999999999992,0.01088063391841936
149.29999999999987,-34.29999999999992,0.058856698749635984
149.39999999999986,-34.29999999999992,0.04314599822304001
149.49999999999986,-34.29999999999992,0.03038267705143353
149.59999999999985,-34.29999999999992,0.03600477071095093
149.69999999999985,-34.29999999999992,0.10053549932019222
149.79999999999984,-34.29999999999992,0.1754534679470177
149.89999999999984,-34.29999999999992,0.27811835147081465
147.1,-34.19999999999992,0.06695874596335159
147.2,-34.19999999999992,0.05706489984660271
147.29999999999998,-34.19999999999992,0.18668467121603052
147.39999999999998,-34.19999999999992,0.08198129183878261
147.49999999999997,-34.19999999999992,0.08552593749478321
147.59999999999997,-34.19999999999992,0.13544960982929685
147.69999999999996,-34.19999999999992,0.015230290675782706
147.79999999999995,-34.19999999999992,0.10043162692001642
147.89999999999995,-34.19999999999992,0.05115715708660176
147.99999999999994,-34.19999999999992,0.0634920046074829
148.09999999999994,-34.19999999999992,0.09017422740265209
148.19999999999993,-34.19999999999992,0.03388837055736817
148.29999999999993,-34.19999999999992,0.037965362264269935
148.39999999999992,-34.19999999999992,0.009867878016704907
148.49999999999991,-34.19999999999992,0.04169178462057823
148.5999999999999,-34.19999999999992,0.029279032799565227
148.6999999999999,-34.19999999999992,0.03038267705143354
148.7999999999999,-34.19999999999992,0.056792234796141136
148.8999999999999,-34.19999999999992,0.09769199236537858
148.9999999999999,-34.19999999999992,0.015801588876749834
149.09999999999988,-34.19999999999992,0.012373799670947068
149.19999999999987,-34.19999999999992,0.05061182698567859
149.29999999999987,-34.19999999999992,0.041328231219962784
149.39999999999986,-34.19999999999992,0.041977433721061795
149.49999999999986,-34.19999999999992,0.025864227643784446
149.59999999999985,-34.19999999999992,0.059661709850998744
149.69999999999985,-34.19999999999992,0.08015054078568341
149.79999999999984,-34.19999999999992,0.15401680136072843
149.89999999999984,-34.19999999999992,0.21465231496337567
147.1,-34.09999999999992,0.08961591325170694
147.2,-34.09999999999992,0.1552243180127726
147.29999999999998,-34.09999999999992,0.22140402097480538
147.39999999999998,-34.09999999999992,0.10833891338340229
147.49999999999997,-34.09999999999992,0.1050669327778633
147.59999999999997,-34.09999999999992,0.13341111397584596
147.69999999999996,-34.09999999999992,0.042626636222160806
147.79999999999995,-34.09999999999992,0.05031319383517305
147.89999999999995,-34.09999999999992,0.05291000383956908
147.99999999999994,-34.09999999999992,0.191579658074317
148.09999999999994,-34.09999999999992,0.5566911446923986
148.19999999999993,-34.09999999999992,0.07934552968432065
148.29999999999993,-34.09999999999992,0.03964030471710537
148.39999999999992,-34.09999999999992,0.050209321434997206
148.49999999999991,-34.09999999999992,0.050079480934777404
148.5999999999999,-34.09999999999992,0.13259311882446118
148.6999999999999,-34.09999999999992,0.04076991706901764
148.7999999999999,-34.09999999999992,0.077813411781727
148.8999999999999,-34.09999999999992,0.12077763330445926
148.9999999999999,-34.09999999999992,0.08305896799060696
149.09999999999988,-34.09999999999992,0.035835978060665186
149.19999999999987,-34.09999999999992,0.02354008268985
149.29999999999987,-34.09999999999992,0.10501499657777538
149.39999999999986,-34.09999999999992,0.08424051654260717
149.49999999999986,-34.09999999999992,0.05326057319016253
149.59999999999985,-34.09999999999992,0.05089747608616215
149.69999999999985,-34.09999999999992,0.047171053729853855
149.79999999999984,-34.09999999999992,0.0779432522819468
149.89999999999984,-34.09999999999992,0.1554839990132122
147.1,-33.999999999999915,0.09757513591518076
147.2,-33.999999999999915,0.2972308731031693
147.29999999999998,-33.999999999999915,0.19172248262455877
147.39999999999998,-33.999999999999915,0.12253048005742659
147.49999999999997,-33.999999999999915,0.08556488964484915
147.59999999999997,-33.999999999999915,0.06734826746401099
147.69999999999996,-33.999999999999915,0.042003401821105756
147.79999999999995,-33.999999999999915,0.12715280186525152
147.89999999999995,-33.999999999999915,0.27483338681525366
147.99999999999994,-33.999999999999915,0.2101208815057046
148.09999999999994,-33.999999999999915,0.40554381838652775
148.19999999999993,-33.999999999999915,0.15660062731510246
148.29999999999993,-33.999999999999915,0.025409785893015138
148.39999999999992,-33.999999999999915,0.1326710231245931
148.49999999999991,-33.999999999999915,0.3100850826249297
148.5999999999999,-33.999999999999915,0.262122001843735
148.6999999999999,-33.999999999999915,0.025747371193586624
148.7999999999999,-33.999999999999915,0.02934395304967512
148.8999999999999,-33.999999999999915,0.15349743935984925
148.9999999999999,-33.999999999999915,0.2236966332358293
149.09999999999988,-33.999999999999915,0.047931548088284114
149.19999999999987,-33.999999999999915,0.03905602246611626
149.29999999999987,-33.999999999999915,0.1963448044323837
149.39999999999986,-33.999999999999915,0.11657080109733772
149.49999999999986,-33.999999999999915,0.06710157051359339
149.59999999999985,-33.999999999999915,0.03509588720941232
149.69999999999985,-33.999999999999915,0.021878124287036543
149.79999999999984,-33.999999999999915,0.13934482483589086
149.89999999999984,-33.999999999999915,0.18826872531871205
147.1,-33.89999999999991,0.10184688837241224
147.2,-33.89999999999991,0.16219675287457594
147.29999999999998,-33.89999999999991,0.25587667378316264
147.39999999999998,-33.89999999999991,0.08751249714814614
147.49999999999997,-33.89999999999991,0.0731651218738581
147.59999999999997,-33.89999999999991,0.028019579947433138
147.69999999999996,-33.89999999999991,0.02185215618699258
147.79999999999995,-33.89999999999991,0.08913550340089367
147.89999999999995,-33.89999999999991,0.2542276994303711
147.99999999999994,-33.89999999999991,0.2446844226642158
148.09999999999994,-33.89999999999991,0.25851243593762463
148.19999999999993,-33.89999999999991,0.034057163207653916
148.29999999999993,-33.89999999999991,0.028045548047477106
148.39999999999992,-33.89999999999991,0.06919200256713218
148.49999999999991,-33.89999999999991,0.14308423124222117
148.5999999999999,-33.89999999999991,0.13064551132116417
148.6999999999999,-33.89999999999991,0.055013419943129846
148.7999999999999,-33.89999999999991,0.1698443583375222
148.8999999999999,-33.89999999999991,0.30560558536734655
148.9999999999999,-33.89999999999991,0.2928033120456741
149.09999999999988,-33.89999999999991,0.194482520686374
149.19999999999987,-33.89999999999991,0.09952274341847776
149.29999999999987,-33.89999999999991,0.19699400693348268
149.39999999999986,-33.89999999999991,0.07430771827579237
149.49999999999986,-33.89999999999991,0.10254802707359917
149.59999999999985,-33.89999999999991,0.0789819762837052
149.69999999999985,-33.89999999999991,0.12038811180379985
149.79999999999984,-33.89999999999991,0.0506118269856786
149.89999999999984,-33.89999999999991,0.11988173385294262
147.1,-33.79999999999991,0.10989699938603993
147.2,-33.79999999999991,0.10743002988186368
147.29999999999998,-33.79999999999991,0.21022475390588047
147.39999999999998,-33.79999999999991,0.09630269901302671
147.49999999999997,-33.79999999999991,0.12377694885953669
147.59999999999997,-33.79999999999991,0.0396143366170614
147.69999999999996,-33.79999999999991,0.05981751845126249
147.79999999999995,-33.79999999999991,0.1558475524138276
147.89999999999995,-33.79999999999991,0.23992669576330447
147.99999999999994,-33.79999999999991,0.2763599401249807
148.09999999999994,-33.79999999999991,0.23218078249304888
148.19999999999993,-33.79999999999991,0.11616829554665632
148.29999999999993,-33.79999999999991,0.0602719602020318
148.39999999999992,-33.79999999999991,0.02633165344457572
148.49999999999991,-33.79999999999991,0.0640113666083621
148.5999999999999,-33.79999999999991,0.09673117266375203
148.6999999999999,-33.79999999999991,0.06732229936396704
148.7999999999999,-33.79999999999991,0.12166054870595394
148.8999999999999,-33.79999999999991,0.23163545239212574
148.9999999999999,-33.79999999999991,0.33254748916295546
149.09999999999988,-33.79999999999991,0.20993910480539693
149.19999999999987,-33.79999999999991,0.15734071816635536
149.29999999999987,-33.79999999999991,0.17353182854376462
149.39999999999986,-33.79999999999991,0.15983365577057554
149.49999999999986,-33.79999999999991,0.21038056250614426
149.59999999999985,-33.79999999999991,0.17220745544152258
149.69999999999985,-33.79999999999991,0.08501955954392597
149.79999999999984,-33.79999999999991,0.052066040588140364
149.89999999999984,-33.79999999999991,0.05009246498479938
147.1,-33.69999999999991,0.08595441114550853
147.2,-33.69999999999991,0.12198514995650342
147.29999999999998,-33.69999999999991,0.1826855838092606
147.39999999999998,-33.69999999999991,0.19385186682816352
147.49999999999997,-33.69999999999991,0.13190496417329625
147.59999999999997,-33.69999999999991,0.09571841676203759
147.69999999999996,-33.69999999999991,0.04823574583165623
147.79999999999995,-33.69999999999991,0.19750038488433996
147.89999999999995,-33.69999999999991,0.2698475116068133
147.99999999999994,-33.69999999999991,0.10889722753434743
148.09999999999994,-33.69999999999991,0.07878721553337549
148.19999999999993,-33.69999999999991,0.2644850989477354
148.29999999999993,-33.69999999999991,0.044885860925985344
148.39999999999992,-33.69999999999991,0.04170476867060021
148.49999999999991,-33.69999999999991,0.045976521127831675
148.5999999999999,-33.69999999999991,0.0696983805179894
148.6999999999999,-33.69999999999991,0.0644008881090215
148.7999999999999,-33.69999999999991,0.1342940293773406
148.8999999999999,-33.69999999999991,0.20936780660442977
148.9999999999999,-33.69999999999991,0.2696267827564396
149.09999999999988,-33.69999999999991,0.2852855470829477
149.19999999999987,-33.69999999999991,0.2017981054416154
149.29999999999987,-33.69999999999991,0.11955713260239317
149.39999999999986,-33.69999999999991,0.1323983580741315
149.49999999999986,-33.69999999999991,0.22940219578834517
149.59999999999985,-33.69999999999991,0.22362429352856392
149.69999999999985,-33.69999999999991,0.1668450427824448
149.79999999999984,-33.69999999999991,0.0865776455465636
149.89999999999984,-33.69999999999991,0.12747740311580105
147.1,-33.59999999999991,0.24139945800865478
147.2,-33.59999999999991,0.2352969544983241
147.29999999999998,-33.59999999999991,0.14499288659545223
147.39999999999998,-33.59999999999991,0.16837716068503847
147.49999999999997,-33.59999999999991,0.14696646219879325
147.59999999999997,-33.59999999999991,0.09136876000467423
147.69999999999996,-33.59999999999991,0.0759826607286278
147.79999999999995,-33.59999999999991,0.32126434969385465
147.89999999999995,-33.59999999999991,0.28584386123389277
147.99999999999994,-33.59999999999991,0.06105100320335063
148.09999999999994,-33.59999999999991,0.031031879552532535
148.19999999999993,-33.59999999999991,0.12693207301487786
148.29999999999993,-33.59999999999991,0.1552762542128605
148.39999999999992,-33.59999999999991,0.13813730818384673
148.49999999999991,-33.59999999999991,0.10872843488406171
148.5999999999999,-33.59999999999991,0.038926181965896464
148.6999999999999,-33.59999999999991,0.0511311889865578
148.7999999999999,-33.59999999999991,0.08913550340089366
148.8999999999999,-33.59999999999991,0.19437122882904273
148.9999999999999,-33.59999999999991,0.24773567441938113
149.09999999999988,-33.59999999999991,0.28551925998334327
149.19999999999987,-33.59999999999991,0.24472337481428164
149.29999999999987,-33.59999999999991,0.16370290267712562
149.39999999999986,-33.59999999999991,0.20512202224724227
149.49999999999986,-33.59999999999991,0.10352183082524766
149.59999999999985,-33.59999999999991,0.11958310070243712
149.69999999999985,-33.59999999999991,0.13981225063668215
149.79999999999984,-33.59999999999991,0.07268471202304484
149.89999999999984,-33.59999999999991,0.16379379102727948
147.1,-33.49999999999991,0.09536784741144415
147.2,-33.49999999999991,0.2338557249458843
147.29999999999998,-33.49999999999991,0.20760197580144052
147.39999999999998,-33.49999999999991,0.0874865290481022
147.49999999999997,-33.49999999999991,0.10771567898234725
147.59999999999997,-33.49999999999991,0.15406317296794977
147.69999999999996,-33.49999999999991,0.07894302413363928
147.79999999999995,-33.49999999999991,0.13609881233039586
147.89999999999995,-33.49999999999991,0.2750800837656712
147.99999999999994,-33.49999999999991,0.11564336895291057
148.09999999999994,-33.49999999999991,0.05754530969741598
148.19999999999993,-33.49999999999991,0.13477443922815385
148.29999999999993,-33.49999999999991,0.11000087178621576
148.39999999999992,-33.49999999999991,0.05444212174216273
148.49999999999991,-33.49999999999991,0.049118661233150875
148.5999999999999,-33.49999999999991,0.05342936584044828
148.6999999999999,-33.49999999999991,0.1178951741995797
148.7999999999999,-33.49999999999991,0.13574824297980237
148.8999999999999,-33.49999999999991,0.20913409370403419
148.9999999999999,-33.49999999999991,0.20478443694667078
149.09999999999988,-33.49999999999991,0.2592395427388554
149.19999999999987,-33.49999999999991,0.2158338635153759
149.29999999999987,-33.49999999999991,0.26913338885560434
149.39999999999986,-33.49999999999991,0.14146122498947364
149.49999999999986,-33.49999999999991,0.06158334925425182
149.59999999999985,-33.49999999999991,0.05522116474348153
149.69999999999985,-33.49999999999991,0.0701528222687587
149.79999999999984,-33.49999999999991,0.0742038458756165
149.89999999999984,-33.49999999999991,0.07896899223368321
147.1,-33.399999999999906,0.18097168920635923
147.2,-33.399999999999906,0.16787078273418124
147.29999999999998,-33.399999999999906,0.16191110377409235
147.39999999999998,-33.399999999999906,0.08718789589759665
147.49999999999997,-33.399999999999906,0.07125646652062702
147.59999999999997,-33.399999999999906,0.14654540800522328
147.69999999999996,-33.399999999999906,0.0782752729896517
147.79999999999995,-33.399999999999906,0.05050795458550275
147.89999999999995,-33.399999999999906,0.19166498183160433
147.99999999999994,-33.399999999999906,0.139903138986836
148.09999999999994,-33.399999999999906,0.08612320379579427
148.19999999999993,-33.399999999999906,0.10665098688054488
148.29999999999993,-33.399999999999906,0.1096503024356223
148.39999999999992,-33.399999999999906,0.0429512374727103
148.49999999999991,-33.399999999999906,0.03369360980703846
148.5999999999999,-33.399999999999906,0.029149192299345417
148.6999999999999,-33.399999999999906,0.085668762045025
148.7999999999999,-33.399999999999906,0.16755916553365371
148.8999999999999,-33.399999999999906,0.18067305605585365
148.9999999999999,-33.399999999999906,0.1470345407313409
149.09999999999988,-33.399999999999906,0.15396486516064053
149.19999999999987,-33.399999999999906,0.28612951033437634
149.29999999999987,-33.399999999999906,0.28914180993947575
149.39999999999986,-33.399999999999906,0.06340111625732903
149.49999999999986,-33.399999999999906,0.04665169172897463
149.59999999999985,-33.399999999999906,0.05541592549381125
149.69999999999985,-33.399999999999906,0.04054918821864398
149.79999999999984,-33.399999999999906,0.05035530426767676
149.89999999999984,-33.399999999999906,0.060310912352097755
147.1,-33.299999999999905,0.10694962003105042
147.2,-33.299999999999905,0.12462091211096538
147.29999999999998,-33.299999999999905,0.14301931099211126
147.39999999999998,-33.299999999999905,0.05755829374743797
147.49999999999997,-33.299999999999905,0.06167423760440565
147.59999999999997,-33.299999999999905,0.05349428609055818
147.69999999999996,-33.299999999999905,0.19502785078729715
147.79999999999995,-33.299999999999905,0.1128573627910514
147.89999999999995,-33.299999999999905,0.17077364534623823
147.99999999999994,-33.299999999999905,0.2786117453716498
148.09999999999994,-33.299999999999905,0.08191637158867271
148.19999999999993,-33.299999999999905,0.12476373666120719
148.29999999999993,-33.299999999999905,0.07426876612572642
148.39999999999992,-33.299999999999905,0.037368095963258845
148.49999999999991,-33.299999999999905,0.02737037744633414
148.5999999999999,-33.299999999999905,0.01003667066699065
148.6999999999999,-33.299999999999905,0.032758758205455894
148.7999999999999,-33.299999999999905,0.05619496849513007
148.8999999999999,-33.299999999999905,0.07082799286990166
148.9999999999999,-33.299999999999905,0.11140314918858962
149.09999999999988,-33.299999999999905,0.2492937604220187
149.19999999999987,-33.299999999999905,0.3058912344678301
149.29999999999987,-33.299999999999905,0.2687438673549449
149.39999999999986,-33.299999999999905,0.06450476050919735
149.49999999999986,-33.299999999999905,0.03382345030725827
149.59999999999985,-33.299999999999905,0.06456968075930725
149.69999999999985,-33.299999999999905,0.03964030471710537
149.79999999999984,-33.299999999999905,0.05697401149644885
149.89999999999984,-33.299999999999905,0.0652448513604502
147.1,-33.1999999999999,0.08144894578788145
147.2,-33.1999999999999,0.0785924547830458
147.29999999999998,-33.1999999999999,0.09255030855667444
147.39999999999998,-33.1999999999999,0.05418244074172311
147.49999999999997,-33.1999999999999,0.03581000996062123
147.59999999999997,-33.1999999999999,0.03882230956572062
147.69999999999996,-33.1999999999999,0.09544018711870947
147.79999999999995,-33.1999999999999,0.12240063955720681
147.89999999999995,-33.1999999999999,0.13196988442340615
147.99999999999994,-33.1999999999999,0.19138489732398725
148.09999999999994,-33.1999999999999,0.12777603626630657
148.19999999999993,-33.1999999999999,0.1282174939670539
148.29999999999993,-33.1999999999999,0.12638674291395469
148.39999999999992,-33.1999999999999,0.010880633918419357
148.49999999999991,-33.1999999999999,0.011620724769672224
148.5999999999999,-33.1999999999999,0.029473793549894923
148.6999999999999,-33.1999999999999,0.10679381143078666
148.7999999999999,-33.1999999999999,0.027266505046158296
148.8999999999999,-33.1999999999999,0.12382888505962461
148.9999999999999,-33.1999999999999,0.2394258824053138
149.09999999999988,-33.1999999999999,0.22192338297568456
149.19999999999987,-33.1999999999999,0.1677570845664212
149.29999999999987,-33.1999999999999,0.09157650480502595
149.39999999999986,-33.1999999999999,0.014840769175123303
149.49999999999986,-33.1999999999999,0.0232804016894104
149.59999999999985,-33.1999999999999,0.0424318754718311
149.69999999999985,-33.1999999999999,0.04184759322084199
149.79999999999984,-33.1999999999999,0.06712753861363735
149.89999999999984,-33.1999999999999,0.07641113437935315
147.1,-33.0999999999999,0.04070499681890775
147.2,-33.0999999999999,0.06537469186067002
147.29999999999998,-33.0999999999999,0.09562752841188374
147.39999999999998,-33.0999999999999,0.07017879036880267
147.49999999999997,-33.0999999999999,0.12251193141453806
147.59999999999997,-33.0999999999999,0.1462004032474964
147.69999999999996,-33.0999999999999,0.08011158863561749
147.79999999999995,-33.0999999999999,0.09101819065408079
147.89999999999995,-33.0999999999999,0.10867649868397378
147.99999999999994,-33.0999999999999,0.23576438029911542
148.09999999999994,-33.0999999999999,0.20308352639379137
148.19999999999993,-33.0999999999999,0.12724369021540538
148.29999999999993,-33.0999999999999,0.16317055662622443
148.39999999999992,-33.0999999999999,0.0446651320756117
148.49999999999991,-33.0999999999999,0.019865596533629615
148.5999999999999,-33.0999999999999,0.02172231568677278
148.6999999999999,-33.0999999999999,0.05658448999578945
148.7999999999999,-33.0999999999999,0.04022458696809447
148.8999999999999,-33.0999999999999,0.1461354829973865
148.9999999999999,-33.0999999999999,0.1594571183199381
149.09999999999988,-33.0999999999999,0.12363412430929491
149.19999999999987,-33.0999999999999,0.0514557902371073
149.29999999999987,-33.0999999999999,0.041328231219962784
149.39999999999986,-33.0999999999999,0.02503324844237771
149.49999999999986,-33.0999999999999,0.033472880956664806
149.59999999999985,-33.0999999999999,0.05807765574831718
149.69999999999985,-33.0999999999999,0.1899306837215255
149.79999999999984,-33.0999999999999,0.29282928014571813
149.89999999999984,-33.0999999999999,0.21787235936882676
147.1,-32.9999999999999,0.028863543198861853
147.2,-32.9999999999999,0.0417177527206222
147.29999999999998,-32.9999999999999,0.08294211154040915
147.39999999999998,-32.9999999999999,0.20252521224284625
147.49999999999997,-32.9999999999999,0.3401171903257698
147.59999999999997,-32.9999999999999,0.13969539418648436
147.69999999999996,-32.9999999999999,0.21674274701691446
147.79999999999995,-32.9999999999999,0.16678012253233493
147.89999999999995,-32.9999999999999,0.09303071840748771
147.99999999999994,-32.9999999999999,0.22788306193577343
148.09999999999994,-32.9999999999999,0.2975554743537189
148.19999999999993,-32.9999999999999,0.1970069909835047
148.29999999999993,-32.9999999999999,0.17580403729761113
148.39999999999992,-32.9999999999999,0.046547819328798805
148.49999999999991,-32.9999999999999,0.011581772619606287
148.5999999999999,-32.9999999999999,0.08710999159746477
148.6999999999999,-32.9999999999999,0.03483620620897271
148.7999999999999,-32.9999999999999,0.06427104760880172
148.8999999999999,-32.9999999999999,0.13815029223386868
148.9999999999999,-32.9999999999999,0.12588036496309749
149.09999999999988,-32.9999999999999,0.06093414675315279
149.19999999999987,-32.9999999999999,0.07197058927183594
149.29999999999987,-32.9999999999999,0.0518453117377667
149.39999999999986,-32.9999999999999,0.04158791222040239
149.49999999999986,-32.9999999999999,0.017048057678859932
149.59999999999985,-32.9999999999999,0.04379520072413901
149.69999999999985,-32.9999999999999,0.1080013280828308
149.79999999999984,-32.9999999999999,0.09488743756063085
149.89999999999984,-32.9999999999999,0.12799676511668023
147.1,-32.8999999999999,0.045028685476227126
147.2,-32.8999999999999,0.10176898407228037
147.29999999999998,-32.8999999999999,0.10306738907447839
147.39999999999998,-32.8999999999999,0.2221181437260143
147.49999999999997,-32.8999999999999,0.5386692832618902
147.59999999999997,-32.8999999999999,0.2584734837875587
147.69999999999996,-32.8999999999999,0.2083031145026274
147.79999999999995,-32.8999999999999,0.17538854769690776
147.89999999999995,-32.8999999999999,0.07463231952634185
147.99999999999994,-32.8999999999999,0.209211998004166
148.09999999999994,-32.8999999999999,0.3754208223355338
148.19999999999993,-32.8999999999999,0.2286880730371362
148.29999999999993,-32.8999999999999,0.08508447979403586
148.39999999999992,-32.8999999999999,0.031265592452928176
148.49999999999991,-32.8999999999999,0.013802045173364889
148.5999999999999,-32.8999999999999,0.04291228532264436
148.6999999999999,-32.8999999999999,0.024189285190949004
148.7999999999999,-32.8999999999999,0.09601704991254315
148.8999999999999,-32.8999999999999,0.13603389208028593
148.9999999999999,-32.8999999999999,0.12059585660415155
149.09999999999988,-32.8999999999999,0.1125846977405898
149.19999999999987,-32.8999999999999,0.12458195996089946
149.29999999999987,-32.8999999999999,0.029577665950070765
149.39999999999986,-32.8999999999999,0.016853296928530225
149.49999999999986,-32.8999999999999,0.02449107662389233
149.59999999999985,-32.8999999999999,0.06280384995631794
149.69999999999985,-32.8999999999999,0.06658220851271415
149.79999999999984,-32.8999999999999,0.09268014905689424
149.89999999999984,-32.8999999999999,0.10523572542814905
147.1,-32.7999999999999,0.06193391860484527
147.2,-32.7999999999999,0.025773339293630574
147.29999999999998,-32.7999999999999,0.3605411010103445
147.39999999999998,-32.7999999999999,0.8361283046725885
147.49999999999997,-32.7999999999999,0.6398410010331596
147.59999999999997,-32.7999999999999,0.28090992222554034
147.69999999999996,-32.7999999999999,0.12332250710876738
147.79999999999995,-32.7999999999999,0.0926411969068283
147.89999999999995,-32.7999999999999,0.12832136636722974
147.99999999999994,-32.7999999999999,0.36539713571856514
148.09999999999994,-32.7999999999999,0.34663518343680383
148.19999999999993,-32.7999999999999,0.08104644023720005
148.29999999999993,-32.7999999999999,0.10798834403280885
148.39999999999992,-32.7999999999999,0.010815713668309456
148.49999999999991,-32.7999999999999,0.11757057294903019
148.5999999999999,-32.7999999999999,0.1289965369683727
148.6999999999999,-32.7999999999999,0.10462547507711599
148.7999999999999,-32.7999999999999,0.1368518872316707
148.8999999999999,-32.7999999999999,0.20387555344513214
148.9999999999999,-32.7999999999999,0.11545417279544741
149.09999999999988,-32.7999999999999,0.07807309278216658
149.19999999999987,-32.7999999999999,0.07787833203183689
149.29999999999987,-32.7999999999999,0.07982593953513392
149.39999999999986,-32.7999999999999,0.039899985717544974
149.49999999999986,-32.7999999999999,0.0919302324380572
149.59999999999985,-32.7999999999999,0.06423209545873576
149.69999999999985,-32.7999999999999,0.14877124515184845
149.79999999999984,-32.7999999999999,0.12565963611272382
149.89999999999984,-32.7999999999999,0.05301387623974492
147.1,-32.699999999999896,0.027565138196663844
147.2,-32.699999999999896,0.06667309686286804
147.29999999999998,-32.699999999999896,0.3558928111024756
147.39999999999998,-32.699999999999896,1.0
147.49999999999997,-32.699999999999896,0.6043296242230437
147.59999999999997,-32.699999999999896,0.33463792121649416
147.69999999999996,-32.699999999999896,0.1063783218300833
147.79999999999995,-32.699999999999896,0.1291263774685925
147.89999999999995,-32.699999999999896,0.17332408374341293
147.99999999999994,-32.699999999999896,0.24016597325656674
148.09999999999994,-32.699999999999896,0.11362342174234823
148.19999999999993,-32.699999999999896,0.11067604238735873
148.29999999999993,-32.699999999999896,0.17943957130376553
148.39999999999992,-32.699999999999896,0.03518677555956618
148.49999999999991,-32.699999999999896,0.14468126939492473
148.5999999999999,-32.699999999999896,0.20787464085190202
148.6999999999999,-32.699999999999896,0.1440320668938257
148.7999999999999,-32.699999999999896,0.18524344166359066
148.8999999999999,-32.699999999999896,0.0317070501536755
148.9999999999999,-32.699999999999896,0.043951009324402775
149.09999999999988,-32.699999999999896,0.13007421312019707
149.19999999999987,-32.699999999999896,0.1343589496274505
149.29999999999987,-32.699999999999896,0.13302159247518658
149.39999999999986,-32.699999999999896,0.061063987253372594
149.49999999999986,-32.699999999999896,0.054961483743041925
149.59999999999985,-32.699999999999896,0.129450978719142
149.69999999999985,-32.699999999999896,0.1694029006367749
149.79999999999984,-32.699999999999896,0.14262978949145183
149.89999999999984,-32.699999999999896,0.08605828354568439
147.1,-32.599999999999895,0.05022230548501918
147.2,-32.599999999999895,0.07272366417311077
147.29999999999998,-32.599999999999895,0.13702067988195643
147.39999999999998,-32.599999999999895,0.3018272268109503
147.49999999999997,-32.599999999999895,0.3370529545205824
147.59999999999997,-32.599999999999895,0.09796465741584018
147.69999999999996,-32.599999999999895,0.032369236704796495
147.79999999999995,-32.599999999999895,0.08625304429601409
147.89999999999995,-32.599999999999895,0.10458652292705004
147.99999999999994,-32.599999999999895,0.06958152406779158
148.09999999999994,-32.599999999999895,0.07039951921917634
148.19999999999993,-32.599999999999895,0.18755460256750311
148.29999999999993,-32.599999999999895,0.17199971064117095
148.39999999999992,-32.599999999999895,0.06241432845565852
148.49999999999991,-32.599999999999895,0.1362026847305717
148.5999999999999,-32.599999999999895,0.08621409214594815
148.6999999999999,-32.599999999999895,0.1863860380655249
148.7999999999999,-32.599999999999895,0.12229676715703097
148.8999999999999,-32.599999999999895,0.010945554168529258
148.9999999999999,-32.599999999999895,0.06833505526568148
149.09999999999988,-32.599999999999895,0.15811976116767418
149.19999999999987,-32.599999999999895,0.20666712419985794
149.29999999999987,-32.599999999999895,0.13426806127729665
149.39999999999986,-32.599999999999895,0.04885898023271127
149.49999999999986,-32.599999999999895,0.06651728826260427
149.59999999999985,-32.599999999999895,0.13951677576861438
149.69999999999985,-32.599999999999895,0.046638707678952666
149.79999999999984,-32.599999999999895,0.07680065588001253
149.89999999999984,-32.599999999999895,0.07381432437495711
147.1,-32.49999999999989,0.04843050658198593
147.2,-32.49999999999989,0.11694733854797514
147.29999999999998,-32.49999999999989,0.13969539418648433
147.39999999999998,-32.49999999999989,0.10607968867957777
147.49999999999997,-32.49999999999989,0.32425068119891004
147.59999999999997,-32.49999999999989,0.11994665410305255
147.69999999999996,-32.49999999999989,0.04771638383077701
147.79999999999995,-32.49999999999989,0.03220044405451075
147.89999999999995,-32.49999999999989,0.09242046805645467
147.99999999999994,-32.49999999999989,0.10820907288318249
148.09999999999994,-32.49999999999989,0.10245713872344529
148.19999999999993,-32.49999999999989,0.1697924221374343
148.29999999999993,-32.49999999999989,0.06567332501117555
148.39999999999992,-32.49999999999989,0.04106855021952318
148.49999999999991,-32.49999999999989,0.04191251347095189
148.5999999999999,-32.49999999999989,0.11646692869716187
148.6999999999999,-32.49999999999989,0.13974733038657225
148.7999999999999,-32.49999999999989,0.08575965039517883
148.8999999999999,-32.49999999999989,0.03444668470831331
148.9999999999999,-32.49999999999989,0.0891874396009816
149.09999999999988,-32.49999999999989,0.08235782928942004
149.19999999999987,-32.49999999999989,0.15448422716151972
149.29999999999987,-32.49999999999989,0.16084641167229
149.39999999999986,-32.49999999999989,0.15570472786358588
149.49999999999986,-32.49999999999989,0.08442229324291486
149.59999999999985,-32.49999999999989,0.0905637489033115
149.69999999999985,-32.49999999999989,0.049962624484579596
149.79999999999984,-32.49999999999989,0.1003667066699065
149.89999999999984,-32.49999999999989,0.14542136024617758
147.1,-32.39999999999989,0.18682749576627225
147.2,-32.39999999999989,0.2095885354548034
147.29999999999998,-32.39999999999989,0.11975189335272285
147.39999999999998,-32.39999999999989,0.10802729618287477
147.49999999999997,-32.39999999999989,0.18908672047009678
147.59999999999997,-32.39999999999989,0.12420542251026204
147.69999999999996,-32.39999999999989,0.041224358819786935
147.79999999999995,-32.39999999999989,0.042704540522292674
147.89999999999995,-32.39999999999989,0.03038267705143354
147.99999999999994,-32.39999999999989,0.10461249102709401
148.09999999999994,-32.39999999999989,0.3390914503740334
148.19999999999993,-32.39999999999989,0.2149379640638592
148.29999999999993,-32.39999999999989,0.09705577391430155
148.39999999999992,-32.39999999999989,0.0331482797061153
148.49999999999991,-32.39999999999989,0.15040723545461795
148.5999999999999,-32.39999999999989,0.07450247902612205
148.6999999999999,-32.39999999999989,0.12268628865769038
148.7999999999999,-32.39999999999989,0.1418117943400671
148.8999999999999,-32.39999999999989,0.05355920634066808
148.9999999999999,-32.39999999999989,0.1474988082496944
149.09999999999988,-32.39999999999989,0.16409242417778502
149.19999999999987,-32.39999999999989,0.22845436013674061
149.29999999999987,-32.39999999999989,0.14553821669637543
149.39999999999986,-32.39999999999989,0.12616601406358102
149.49999999999986,-32.39999999999989,0.0837471226417719
149.59999999999985,-32.39999999999989,0.13815029223386868
149.69999999999985,-32.39999999999989,0.04450932347534791
149.79999999999984,-32.39999999999989,0.0313175286530161
149.89999999999984,-32.39999999999989,0.12689312086481191
147.1,-32.29999999999989,0.07502184102700125
147.2,-32.29999999999989,0.3251595647004487
147.29999999999998,-32.29999999999989,0.12529608271210838
147.39999999999998,-32.29999999999989,0.0909532704039709
147.49999999999997,-32.29999999999989,0.06418015925864784
147.59999999999997,-32.29999999999989,0.02109908128571773
147.69999999999996,-32.29999999999989,0.017892020930288636
147.79999999999995,-32.29999999999989,0.024124364940839103
147.89999999999995,-32.29999999999989,0.05494849969301996
147.99999999999994,-32.29999999999989,0.15904162871923477
148.09999999999994,-32.29999999999989,0.31790148073816177
148.19999999999993,-32.29999999999989,0.1537960725103548
148.29999999999993,-32.29999999999989,0.0783327737826062
148.39999999999992,-32.29999999999989,0.11841453620045894
148.49999999999991,-32.29999999999989,0.19469583007959218
148.5999999999999,-32.29999999999989,0.15009561825409046
148.6999999999999,-32.29999999999989,0.21010789745568267
148.7999999999999,-32.29999999999989,0.20917304585410004
148.8999999999999,-32.29999999999989,0.08011158863561749
148.9999999999999,-32.29999999999989,0.17089606638930263
149.09999999999988,-32.29999999999989,0.1913069930238554
149.19999999999987,-32.29999999999989,0.23163545239212574
149.29999999999987,-32.29999999999989,0.1091309404347431
149.39999999999986,-32.29999999999989,0.09326443130788335
149.49999999999986,-32.29999999999989,0.077813411781727
149.59999999999985,-32.29999999999989,0.05764918209759182
149.69999999999985,-32.29999999999989,0.0683999755157914
149.79999999999984,-32.29999999999989,0.05879177849952607
149.89999999999984,-32.29999999999989,0.22031336077295902
147.1,-32.19999999999989,0.06070043385275715
147.2,-32.19999999999989,0.07599564477864977
147.29999999999998,-32.19999999999989,0.1864120061655689
147.39999999999998,-32.19999999999989,0.13791657933347304
147.49999999999997,-32.19999999999989,0.08796693889891546
147.59999999999997,-32.19999999999989,0.05992139085143835
147.69999999999996,-32.19999999999989,0.02415033304088306
147.79999999999995,-32.19999999999989,0.032421172904884415
147.89999999999995,-32.19999999999989,0.0828382391402333
147.99999999999994,-32.19999999999989,0.10322319767474213
148.09999999999994,-32.19999999999989,0.15314687000925578
148.19999999999993,-32.19999999999989,0.1513031349061346
148.29999999999993,-32.19999999999989,0.1637678229272355
148.39999999999992,-32.19999999999989,0.10300246882436843
148.49999999999991,-32.19999999999989,0.1570291009658278
148.5999999999999,-32.19999999999989,0.11633708819694208
148.6999999999999,-32.19999999999989,0.12214095855676718
148.7999999999999,-32.19999999999989,0.1313076978722852
148.8999999999999,-32.19999999999989,0.14662887689822174
148.9999999999999,-32.19999999999989,0.28302632237912306
149.09999999999988,-32.19999999999989,0.22120926022447568
149.19999999999987,-32.19999999999989,0.3333784683643621
149.29999999999987,-32.19999999999989,0.13695575963184653
149.39999999999986,-32.19999999999989,0.11969995715263491
149.49999999999986,-32.19999999999989,0.05440316959209679
149.59999999999985,-32.19999999999989,0.04336672707341367
149.69999999999985,-32.19999999999989,0.08404575579227745
149.79999999999984,-32.19999999999989,0.18876211921954728
149.89999999999984,-32.19999999999989,0.16136577367316918
147.1,-32.09999999999989,0.059466949100669055
147.2,-32.09999999999989,0.07624234172906738
147.29999999999998,-32.09999999999989,0.1114291172886336
147.39999999999998,-32.09999999999989,0.23290788929427977
147.49999999999997,-32.09999999999989,0.08829154014946497
147.59999999999997,-32.09999999999989,0.025253977292751372
147.69999999999996,-32.09999999999989,0.08595441114550853
147.79999999999995,-32.09999999999989,0.06093414675315279
147.89999999999995,-32.09999999999989,0.06345305245741695
147.99999999999994,-32.09999999999989,0.10976715888582013
148.09999999999994,-32.09999999999989,0.09538083146146614
148.19999999999993,-32.09999999999989,0.28210445482756247
148.29999999999993,-32.09999999999989,0.30143770531029096
148.39999999999992,-32.09999999999989,0.22427349602966296
148.49999999999991,-32.09999999999989,0.1501345704041564
148.5999999999999,-32.09999999999989,0.12662045581435033
148.6999999999999,-32.09999999999989,0.20619969839906663
148.7999999999999,-32.09999999999989,0.16876668218569787
148.8999999999999,-32.09999999999989,0.15370518416020093
148.9999999999999,-32.09999999999989,0.21796324771898062
149.09999999999988,-32.09999999999989,0.250397404673887
149.19999999999987,-32.09999999999989,0.21572999111520003
149.29999999999987,-32.09999999999989,0.14916076665250788
149.39999999999986,-32.09999999999989,0.11039039328687515
149.49999999999986,-32.09999999999989,0.06138858850392211
149.59999999999985,-32.09999999999989,0.0781380130322765
149.69999999999985,-32.09999999999989,0.23297280954438968
149.79999999999984,-32.09999999999989,0.1574705586665751
149.89999999999984,-32.09999999999989,0.19746143273427405
