IntrusionsBndys_FaultedBndys,IntrusionsBndys_GeologicalBndys,IntrusionsBndys_IntrusiveBndys,IntrusionsBndys_UnconformableBndys,MetamorphicBoundaries_Faults,MetamorphicBoundaries_GeologicalBndys,MetamorphicBoundaries_MetamorphicBndys,MetamorphicBoundaries_Unconformities,RockUnitBndyFaults_CSP_Geological boundary,RockUnitBndyFaults_LAO_Faulted boundary,RockUnitBndyFaults_LAO_Geological boundary,RockUnitBndyFaults_LAO_Intrusive boundary,RockUnitBndyFaults_LAO_Unconformable boundary,MetamorphicIsograds
0.02687353964444535,0.006485569225383395,2.03493590043943,0.48176855428128723,0.13449935560198514,0.08173360973006585,0.04120690816288759,0.2527393407595457,0.024076136178595154,0.02687353964444535,0.006485569225383395,2.03493590043943,0.2527393407595457,0.034292985773094836
0.02084657905617766,0.014448526380269958,0.35211784603023466,0.5273022232573298,0.02084657905617766,0.014448526380269958,0.140300425202455,0.8351456402648175,0.01852590394373367,0.02052777133872105,0.014448526380269958,0.35211784603023466,0.33186547707001296,0.04892761919720013
0.07980370357724968,0.00947449447591074,1.2207625755930838,0.2729793196553733,0.08967562600939664,0.1620256741686084,0.010342708995535613,0.44456397546656273,0.008625614250547902,0.0699281273317388,0.00947449447591074,1.2207625755930838,0.21768494560701937,0.07946375261175392
0.19080297935217197,0.06780496175888981,1.6776182932440047,0.24771993987057314,0.6200755753614737,0.6201393668021703,0.12753844235982584,1.2393129538252288,0.019074114018663834,0.15194435345849086,0.009360441786302747,1.149446115629854,0.11772321329034935,0.19883808188732294
0.12023626987352207,0.10226395503653002,2.5852248781758327,1.0071131311569996,0.03874723100417569,0.11720157109494497,0.04525030071135253,0.8208722916191,0.046663365193108645,0.014225140763480878,0.001311840848645687,2.3253826612444746,0.5068341482721495,0.09267873462687257
0.0727992775468211,0.01633011295775273,0.3889280885385554,0.4985828088856646,0.1669728749514218,0.19536055370731192,0.11102622790368541,0.7999648544556529,0.05612068255889427,0.0653370574186007,0.01633011295775273,0.3889280885385554,0.21650581954374953,0.053938060870126946
0.10130278964966141,0.059750995812967944,0.06591312531401206,0.7603094583674264,0.31627495663268407,0.31276331871165897,0.15618070993230035,1.052903949628272,0.0016546277293983907,0.022356507812974873,0.059750995812967944,0.06591312531401206,0.39908336458791915,0.07070454405949506
0.03799924382627817,0.03705123726088925,1.6299839881173066,0.537979215519514,0.011479380634238482,0.031043676326488297,0.00474217683989685,0.32784314634940637,0.09741876915488716,0.009254569388603992,0.014090728020090875,1.6299839881173066,0.30989532899626543,0.027806174834928313
0.07956956376761307,0.010953163647035802,0.20145761525439548,0.7141438167836974,0.5198264573050569,0.5570395043899649,0.061391639483020774,0.8421790651105112,0.017098574380947768,0.005242121386048285,0.010953163647035802,0.1448461672974473,0.11250362836698125,0.19101056655883733
0.045507456483589476,0.025592449567645226,0.3811823495556601,0.6050200557025494,0.05614657372866847,0.025592449567645226,0.0792368097176543,0.8460801904890287,0.07740467995088922,0.012559738206256029,0.015578161848971444,0.3811823495556601,0.2307527436020916,0.0043095759755960765
0.020788596164686403,0.013791616718888872,1.9390802975483556,0.354246188569768,0.048699494299993956,0.013791616718888872,0.015732567911285734,0.1242855282436614,0.0129139685195369,0.010512659690978575,0.013791616718888872,1.9390802975483556,0.11949781853616875,0.007550847752110067
0.019056135458421986,0.014081917541450906,0.39699925466246455,0.12771981728271276,0.7208609982945641,0.6421069409128428,0.22134414732561913,0.7163355571427695,0.0017053224006047978,0.019056135458421986,0.014081917541450906,0.3773929075411244,0.08247555463894388,0.00636760736744645
0.019159808606428394,0.0511230617479626,1.2506448445220923,0.3628639131147778,0.24967838690107838,0.23275775716705202,0.03620470363286206,1.3871772555134763,0.0009771565390812962,0.019159808606428394,0.028720161128461996,1.0070039392810055,0.1493033676933575,0.08102124018986323
0.024766107769600153,0.024766107769600153,1.0639811455720154,0.17428381684363156,0.5795112926815584,0.5269393952714965,0.08983670144975446,1.3505748089472585,0.0004600030464145141,0.006772856659490404,0.0009063638794261962,1.0109713981608244,0.008257787417041597,0.29120580216402986
0.04354386005004739,0.04389648105005937,1.9772460601614399,0.15042835425256917,0.04122364316552846,0.05004241935734902,0.07188693818084164,0.12190734711677192,0.00924157867925437,0.011014337807349612,0.011658661614227368,1.9772460601614399,0.0923271982954167,0.0370491487269884
0.0880365601132267,0.040523253391218775,2.331145232980294,0.592711538904644,0.43783475412660333,0.43783475412660333,0.15702430572061005,1.0469426754636704,0.000821118389444714,0.0880365601132267,0.040523253391218775,1.6686569456456297,0.4693405958107082,0.08173848703997776
0.03939806789904144,0.0378901193348043,2.2378580802811063,0.4856443387447978,0.5491369371292094,0.5491369371292094,0.26644100822046607,1.083458044372295,0.003365409071667494,0.03939806789904144,0.0378901193348043,1.5369825008488807,0.46003201284781786,0.02879894072919282
0.0270857955214966,0.0039795780081710915,0.9070165372473307,0.018309056346726707,0.3050972578431266,0.385171888391633,0.15791183850368828,0.3228017519767957,0.011075022702544044,0.01332896816520731,0.0039795780081710915,0.9070165372473307,0.013446313829866453,0.004306393467464684
0.09256639758910058,0.03390534318044115,2.2917778907297035,0.5605728851218091,0.4106123325254655,0.4106123325254655,0.12876661282604648,1.0009131774228843,0.005207255014584485,0.09256639758910058,0.03390534318044115,1.6810018979942227,0.4235443870928692,0.09745023658263752
0.05204586151439799,0.04966093232943169,0.13361227240600126,0.307280040223873,0.05204586151439799,0.04966093232943169,0.11849519143610385,0.307280040223873,0.024366101508872164,0.00964807731320388,0.04966093232943169,0.13361227240600126,0.307280040223873,0.47914860182812863
0.006592177016244622,0.006794790551409811,1.4564963971755935,0.0123119465533533,0.37015119700948806,0.39175044725385355,0.001361700802684619,0.46216765282727834,0.019483184376304197,0.006592177016244622,0.006794790551409811,1.438521390710513,0.012270393020539255,0.02010392663627426
0.0013182853415339333,0.0010171912357831026,2.385853218807767,0.5697514605876827,0.060674108686099376,0.08529790020445209,0.07838843774284444,0.061678829573737284,0.12143876479994536,0.0009814863656490431,0.0010171912357831026,2.385853218807767,0.03909080699095789,0.036226451227824114
0.04919436066735611,0.11020643636249791,0.02636725564728294,0.6236326231570614,0.2668952625551158,0.1517060796373352,0.061471775687325765,0.6227104224038242,0.007422540434648826,0.015104264204912204,0.11020643636249791,0.02636725564728294,0.21580277879043203,0.18613865956127432
0.07414751930855232,0.03491604970511904,1.003292274341423,0.16660271041473515,0.0990688235580229,0.10007563465434374,0.06422823674481576,0.16660271041473515,0.004792996357101034,0.013967465971953145,0.010292328431275439,1.003292274341423,0.16660271041473515,0.04691713338146392
0.014492928422600646,0.01419840412658079,0.560379462585361,0.36949883694562946,0.06681329571681455,0.07640093293451075,0.24594713763099293,0.6246147601242418,0.029401262782263043,0.012810908671431042,0.009258818430860065,0.560379462585361,0.12370450520850364,0.010084228087976283
0.13654187313473137,0.07874628251797916,0.0007517435186530628,0.6492776944051057,0.13654187313473137,0.07874628251797916,0.011939541837006351,0.6493476089749431,0.0024105594037477115,0.10716721266829846,0.07874628251797916,0.0007517435186530628,0.3819996742376886,0.14570250979870591
0.04990132358427139,0.027211694052063442,2.346930055953271,0.0768631864852652,0.00887745418107636,0.030451507434695345,0.03538217877824558,0.07474625269331914,0.01372207888528812,0.00887745418107636,0.014353968888526579,2.346930055953271,0.07474625269331914,0.03576885379184495
0.14612032612273088,0.12253601084809632,0.9826342071999707,0.2104731575098685,0.03916273354098036,0.06592053968331198,0.039541636279878584,0.5693650274310086,0.001315197424164677,0.030841533630551067,0.025634133026645238,0.9826342071999707,0.008609150212598813,0.18857924367876092
0.05027250208631273,0.035508230092340325,2.358415636992643,0.08301399590480046,0.00047865234916367165,0.022429116142152393,0.024581231257479182,0.07994212445882097,0.025245346734238,0.00047865234916367165,0.006863908043238541,2.358415636992643,0.07994212445882097,0.027318915733416035
0.09671494126431641,0.07497771816475529,0.08887050484618708,0.2859554435902348,0.4651757517996582,0.24360306939351395,0.12821916925732504,0.8608068174501852,0.00672269279028245,0.0017114449103465595,0.033889400900067944,0.08887050484618708,0.005160519158351718,0.07231508223418022
0.03769589067204875,0.0005655953795827574,2.2898567221235817,0.026704193102032186,0.01661633749928463,0.0005655953795827574,0.03063106633902741,0.0189899258450593,0.010534896023119515,0.003312700407366472,0.0005655953795827574,2.2898567221235817,0.0189899258450593,0.020959901625906684
0.13249334514291275,0.11297520516589349,0.29322745685060253,0.4816042243093446,0.13249334514291275,0.11297520516589349,0.13056996973971735,0.4884286279082502,0.14283898598159653,0.13249334514291275,0.11297520516589349,0.29322745685060253,0.4493051019534779,0.19174206499724233
0.05104460224646065,0.007912879346944728,1.367881890216693,0.5778208592256668,0.07843488040348942,0.08069189646971106,0.017285239163952495,0.5772139052606543,0.035719383529982815,0.05104460224646065,0.007912879346944728,1.367881890216693,0.38991878482259057,0.04086012983277934
0.20475305384918693,0.001744028875498182,1.9290358763225386,0.4835241395486333,0.0751661365051822,0.01202800181411752,0.05700537038607179,0.1648395074086775,0.038318433390335374,0.02706769643841836,0.001744028875498182,1.9290358763225386,0.1648395074086775,0.05024051135441364
0.3089747349441205,0.15177784346077663,1.4969003394798872,0.6477655718328336,0.1110535246470504,0.020502322551644962,0.19543571545840943,1.4944363596254175,0.007450000330198079,0.01329301003140772,0.020502322551644962,0.6267575113960723,0.4955764797765976,0.14118096635822835
0.10267350987325881,0.03674568318762078,1.6577091850262269,0.18886392355950268,0.19980700935744405,0.21280386729571693,0.08338835900228823,0.31178919269869376,0.008996135721731772,0.011716364097742953,0.008337643596166887,1.6396306155774893,0.008134492757678968,0.09122694314766248
0.18365199001036267,0.1315834166568059,1.6750759021938568,0.1992191941784479,0.17367357166723071,0.227349304942774,0.1933531390729756,0.15886046135494758,0.13404488616672655,0.010202028509256653,0.028535950922210174,1.6750759021938568,0.07336057301947803,0.15871674180294382
0.03574204253368965,0.03574204253368965,1.9866364767453377,0.13936835717956658,0.04081527047264839,0.026886277048444564,0.058318586369890506,0.10137784247631784,0.01886297708122383,0.0006163192944589875,0.008200939950128617,1.9866364767453377,0.0879670996109626,0.05580019269141471
0.046432520689804545,0.024456461851481478,0.9210336498620765,0.11444537997149715,0.04631374054249165,0.10390315033222898,0.08346887529474024,0.5504608353342966,0.042576196578220225,0.0428329028813674,0.014618019126611034,0.9210336498620765,0.04033795438278472,0.09011893904411333
0.09859642767528488,0.09713804590281075,1.1417716754685958,0.24836172765324552,0.8385558672107691,0.85550896244486,0.09867921224175367,0.9377478310707095,0.0015698311726391075,0.004141425803924163,0.005543228341880855,1.1027618104758545,0.11096777711020825,0.1648203900328924
0.23654072549910599,0.11623615562972724,2.495300947755907,0.852952432650886,0.03873756758883821,0.12821384615269402,0.019303884520698856,0.8654133521670683,0.011476984063612503,0.0213004797026051,0.038171004890540594,2.099504856578623,0.40703661888262893,0.17049607581772125
0.01746938690540563,0.005407690992084331,0.9578856752824791,0.6842396417750245,0.12273100677947611,0.13543743722719254,0.12972116425760338,0.5535424094244187,0.008432244252150672,0.01746938690540563,0.005407690992084331,0.9578856752824791,0.025152425321975716,0.01325683177390731
0.014901235784834052,0.017204412604962027,0.06821004919147594,0.4951137740614912,0.5875446990134963,0.5342925074665921,0.2353825583155075,0.9409911731178446,6.522182822832798e-05,0.014901235784834052,0.017204412604962027,0.06821004919147594,0.3641852553013887,0.028098108730541888
0.08568143927611235,0.058783253496068,2.028994338873687,0.2592978558414928,0.051539903815444287,0.06874717712727856,0.06896167420674253,0.186371065639234,0.016335172259033123,0.016913594819498327,0.03627198706217154,2.028994338873687,0.09537652049413683,0.072107902498798
0.01551750843223108,0.013412300029616683,1.9196575061328593,0.2433256625332856,0.01551750843223108,0.013412300029616683,0.039059592803063155,0.22427789395857836,0.001398852557049307,0.01499529792729119,0.013412300029616683,1.9196575061328593,0.19145276436209668,0.031207621214532945
0.015269284160351228,0.015068531975218293,2.463885365242199,0.5209563901651376,0.08169745662555684,0.04825694588063933,0.06092864182036871,0.037263417286019306,0.07337221860047345,0.004985032837744056,0.0117231703523458,2.463885365242199,0.037263417286019306,0.03954724787856775
0.019880265342933127,0.019880265342933127,0.13764595473860008,0.18492689129398873,0.13190326431170357,0.0512427157742275,0.05549747782487948,0.36086827296401147,0.0011313658329414492,0.013529157826060815,0.01145761839574255,0.13764595473860008,0.18492689129398873,0.0022650062891639367
0.10817204073082713,0.10781271014793031,1.067608641132094,0.3610633911921301,0.020126306042646112,0.0366485160406621,0.020126306042646112,0.5892382865320337,0.009186037079735334,0.0022021039874443923,0.00474664592939342,1.067608641132094,0.07168931091710225,0.10529558873211299
0.019291935685067693,0.001016862865787581,1.4834788072249547,0.0707414363885377,0.3262892500471046,0.3507082409209054,0.055373916448236145,0.41144899068767765,0.0024580391479755667,0.0005856433771001438,0.0006757743624360436,1.4683952462005216,0.03421690540082545,0.008730734469338895
0.02015525531488992,0.006494748406005994,0.45869393963715216,0.3652574796179446,0.03546629623259401,0.014633193911830723,0.19176506204621668,0.8321099835235918,0.041879595416062156,0.02015525531488992,0.006494748406005994,0.45869393963715216,0.1405555531793641,0.027885110909341055
0.06088062731597992,0.03724899373839714,1.129188270258009,0.3775013300085502,0.09011160201746007,0.09209720471097586,0.06749275856970696,0.5044128326224177,0.0016921899284507767,0.0011336962463860672,0.003658875176029771,1.129188270258009,0.10830291905850258,0.040346897245175734
0.272220050043745,0.20692683732705938,0.7226095117229915,0.7433309599445781,0.23156529730404163,0.25198946411147444,0.04005636512063245,0.8210694938578905,0.004586287964919693,0.009261804234636604,0.0073011223366651725,0.7226095117229915,0.34057086286811594,0.2152670835215583
0.09454535496920904,0.027125176278068087,2.1350020110443744,0.24957511673178753,0.027241607896000157,0.008540987893714118,0.10534547077089595,0.2193398253035166,0.0038924165407992076,0.018143491578896415,0.002790056831618493,2.1350020110443744,0.12789585825340072,0.07705660794785113
0.007060675882068653,0.006904545782581659,1.7897987217722768,0.13436063730844436,0.4763335131077056,0.4726481631896082,0.22516149013947812,0.7035205124933925,0.007184940650080101,0.0015049453666637841,0.006904545782581659,1.69322358823694,0.13436063730844436,0.027787021826413703
0.04235608381791433,0.04001214847946953,0.3184235669718694,0.6003047658471093,0.04235608381791433,0.04131760649301267,0.005555602828019608,0.6003047658471093,0.0014535491296791948,0.042126581632961645,0.04001214847946953,0.291428917812922,0.1124834714972288,0.43254158071449506
0.06172236561004603,0.08963247300808265,0.019574199037524834,0.7027465599878743,0.4927645686144904,0.4291532261464499,0.01246906727474044,1.039325044346209,0.005280735462039477,0.050608163612938205,0.08963247300808265,0.019574199037524834,0.34239315648529284,0.02863430367734518
0.02775155190571442,0.021921071411843383,0.23657564999236377,0.6961630947626789,0.3478186765548862,0.3892583469656584,0.029172694677559858,0.8169429954668054,0.001555918700053992,0.0077524632587054445,0.0023294321135645616,0.23657564999236377,0.2578851195011233,0.11573053665671475
0.21075804036087006,0.05321122106666907,2.898247737286595,1.402168252920883,0.17075362641399516,0.054870006173310525,0.024598449104053597,0.6653536886299718,0.02482448126343944,0.17075362641399516,0.05321122106666907,2.8662539455878804,0.33284518220507087,0.07607979003066626
0.21175088951493656,0.05693710568051924,1.9074502086767284,0.3406154818955522,0.40838419080968136,0.3326253037635244,0.020002681113374773,1.9076852232954085,0.0005524884967558217,0.07118413529893294,0.00549005649881677,0.479777607180791,0.20205882497023642,0.04792320226605656
0.12524165119913955,0.08883995733163819,0.13734302899883027,0.44045188029311716,0.6073975809545181,0.38652478314694394,0.027924477580653605,0.870958779068345,0.028772993571717937,0.038029523253617595,0.05623416457221263,0.13734302899883027,0.04204485453029588,0.0878629101586973
0.17414923321386647,0.0029691599226472094,0.20407492310347647,0.3219731791785944,0.5944214883204424,0.48228774228735916,0.18063105871141888,0.782777882795638,0.00125074391678686,0.022143029056733047,0.0029691599226472094,0.18471325949852416,0.15416485496341115,0.003507414997349478
0.25088447641725303,0.07694032411169263,2.601676933437888,0.9157118462396366,0.15441761154036238,0.2199772368129334,0.1782653649380847,0.10045129552003862,0.07194908580845426,0.00010249295142773727,0.010309419227120087,2.601676933437888,0.10045129552003862,0.15713987432226745
0.03424574264300869,0.011639231035445868,0.12070816293157485,0.4463666337698475,0.03424574264300869,0.011639231035445868,0.03222815659533273,0.44343841066151124,0.07399526604205003,0.024464413198694638,0.011639231035445868,0.12070816293157485,0.3824741294597359,0.2155650297970661
0.019554170117126842,0.020479804069837373,1.0590409115934079,0.5321666116126986,0.019554170117126842,0.020479804069837373,0.04774363250045523,0.3780769562653476,0.005139156569731783,0.0070587363090455855,0.00023336223876278752,1.0590409115934079,0.15748924854272844,0.05177080369264936
0.0912537998925814,0.07824388043605014,0.4325446220417277,0.5032056405804405,0.3030844974838427,0.3030844974838427,0.14308261723578067,0.6275176668560443,0.003486918976499794,0.007519789542156381,0.07824388043605014,0.4325446220417277,0.3302654253503821,0.08879811053512095
0.05922354554610176,0.030152085792079997,0.8544921111192699,0.06535742547946864,0.08301741308997825,0.14615693547341782,0.1101078773765786,0.08301741308997825,0.001037969045122779,0.00655308131252368,0.005960533075948581,0.8544921111192699,0.06535742547946864,0.025829164995419228
0.04861629356822821,0.007909792070824855,0.39993443913707205,0.5956462904518679,0.08235588540932326,0.11493971364432054,0.07737557282865418,0.610668838748438,0.08292650179959976,0.04861629356822821,0.007909792070824855,0.39993443913707205,0.2987146109395175,0.198779337668628
0.06422218589455694,0.04639641560002171,1.535776626162826,0.010634907053063502,0.5637679618378727,0.566771917439771,0.0953226699700191,0.7147107946252332,0.0008736634763723047,0.022991168878571347,0.0410752929917964,1.4989413475198554,0.010634907053063502,0.00034709006703067185
0.05812398578074128,0.04295288889720339,1.574736477747427,0.6344821096551785,0.03934977664856617,0.04295288889720339,0.04946684089151685,0.4526991627120152,0.00766925269123462,0.005295381807538917,0.0011385852156557282,1.574736477747427,0.4399807706525664,0.03664655626339325
0.08207242006511518,0.006764942678066669,1.9905337599896238,0.0352613712641481,0.6302967982598529,0.6282295801390236,0.12103796165607812,1.5572404442822205,0.0004115554324153806,0.07638903235027593,0.006764942678066669,0.8737970728486404,0.0352613712641481,0.19059224361386767
0.12178101212826603,0.08090394505326608,0.1126480863133859,0.2814987768919012,0.46697414718005265,0.2470543298505338,0.1424822380483918,0.8554258132003446,0.004769036933056782,0.01947508620642279,0.055184077234611086,0.1126480863133859,0.012463496587823392,0.09593472398526538
0.00794702811750004,0.007301120502466041,1.1609044732582599,0.23828408774832224,0.4481381530789944,0.44519505976917145,0.06863798906594971,1.3879509653555089,0.0011600348795607722,0.00794702811750004,0.007301120502466041,1.1453059777710115,0.1358950652664519,0.1285270147257278
0.03292824846755357,0.09490441068594246,0.4693439463291348,0.44105481918101647,0.4651425432644188,0.4874139226130167,0.012735052791860683,0.5676798127338682,0.06855701796496542,0.024979828917458386,0.0179780715104172,0.41696504754863917,0.20897992163106932,0.2773679144095865
0.031497472858230534,0.026533500638466982,0.04329219599257491,0.6629646700853297,0.031497472858230534,0.026533500638466982,0.0708483044607476,0.6629646700853297,0.0003267255280884053,0.011993922536230283,0.026533500638466982,0.04329219599257491,0.3030722381744932,0.09266132238298012
0.08990861323540247,0.06489863815565342,0.07968756234412425,0.783424385350618,0.08990861323540247,0.07075320224849253,0.05042411363202051,0.7834442599742105,0.001343937465502764,0.06087155921011316,0.06489863815565342,0.07968756234412425,0.36639076504880796,0.02175219226820783
0.11362354913156252,0.03753477606980794,2.523118429010686,0.9654860539166982,0.01605642113010283,0.0708873522164302,0.07133205936471934,0.7474895129658488,0.03328049549191687,0.01605642113010283,0.03753477606980794,2.323731621867353,0.464541864160103,0.028225793591587
0.010078825956279144,0.016215195119017967,1.4275633664344127,0.11295816141480552,0.016215195119017967,0.016215195119017967,0.07731172946757466,0.0944686139902925,0.01330042790260104,0.010078825956279144,0.01021198409032861,1.4275633664344127,0.0931430006778871,0.06609786117093588
0.11107980984140507,0.008674571881735782,0.39601003594759926,0.6538370978956974,0.12635980635526453,0.08751042610023121,0.13226957102673803,0.46752370847864766,0.0027061941687733892,0.11107980984140507,0.008674571881735782,0.39601003594759926,0.46752370847864766,0.009285603082978046
0.14026921534136277,0.027700693565651493,2.235462058443078,0.4987037547856827,0.7381212377860508,0.7381212377860508,0.36304651894306533,1.243523741136547,0.003917199113113,0.07403403074490257,0.027700693565651493,1.354045831003527,0.3579282142478922,0.017508647223540525
0.07634897701065059,0.007273874138138715,1.4494786237341275,0.5680272592017349,0.07716943581980319,0.013961483835750658,0.039118057740599184,0.46389715635686385,0.007273874138138715,0.05172945781174857,0.007273874138138715,1.4494786237341275,0.4260305918035677,0.027512001319933962
0.0912539456341786,0.01292450738150157,0.14330129438348987,0.5171928707288622,0.668788529015599,0.45322127133062134,0.11605854264526329,0.7747418545482782,0.0011153678958347635,0.03398635176516147,0.01292450738150157,0.14330129438348987,0.12559966979275286,0.07209749840188215
0.05410530823548588,0.0599129798445639,1.4677178802969755,0.5043770531573791,0.039805709646377585,0.10611916969866371,0.029271690977041638,0.5036677371271379,0.0019266014999966517,0.009920276438228388,0.035291900809423286,1.4677178802969755,0.4638806434220069,0.10752362974515339
0.0501116898866053,0.0034136289474289623,1.02463135656347,0.3233589322928727,0.4192810422364798,0.3586902331755145,0.01611166823121558,1.2461020467177202,0.002361408180402699,0.007051573104246803,0.0034136289474289623,1.02463135656347,0.10307206801139633,0.22037670968874118
0.01656646610534377,0.004937767666073052,0.2568962211873557,0.567328001910819,0.09977766608301918,0.1716710100331628,0.06069820050597683,0.9863334917404668,0.03955629578161017,0.01357949372809638,0.00034160612633642797,0.2568962211873557,0.3108833404698013,0.03532665464047121
0.13606739656516936,0.10962692922367667,1.0212714158514973,0.23699826073593797,0.8770396376599892,0.8170969016832911,0.12612596180120247,1.100249579360028,0.020506005513405423,0.008436125839684632,0.0030016654973327316,0.9749659137556863,0.016611835543309725,0.15971777238165757
0.2956228989066348,0.1306922825032632,3.1349299175734067,1.6111444135664774,0.39593071078397823,0.2529134006480827,0.17838129908915507,0.9375021298471443,0.04221262208647302,0.2785064666807192,0.04523081265280915,2.923002141946805,0.6053179566104019,0.11257071312774451
0.024740860773674534,0.026231647355792254,1.4438885379889148,0.10262109646030278,0.024740860773674534,0.056410116324259976,3.655818139092605e-05,0.15296727330155277,0.000474249490801316,0.01325557501161592,0.0071604983071829826,1.4438885379889148,0.006425503011573915,0.005667546594721978
0.18733776113055123,0.006098604071606841,1.7730747481644538,0.06308216733604297,0.5397964521071102,0.5393317980884408,0.012836719085851097,1.4014669218646107,0.002506553998572672,0.04734788555034061,0.006098604071606841,0.9845696733231651,0.0442180588714293,0.23056883072472753
0.004036875930379252,0.0015543969566524612,2.2550956581188384,0.6979725503272483,0.01706540045765903,0.014989326275495074,0.005049653201379359,0.5710137844195416,0.000972252075962418,0.004036875930379252,0.0015543969566524612,2.13883411508869,0.19313937987015892,0.006067347394703529
0.07765365420526527,0.029347334178328348,0.8077428862244027,0.03312725933744156,0.06789013754275962,0.10764795150346063,0.0802323100388678,0.16390572669138864,0.005890106515558353,0.06035794054951482,0.029347334178328348,0.8077428862244027,0.03312725933744156,0.039655259612162985
0.047867855475890224,0.047867855475890224,0.7579869934072584,0.20553012237710483,0.6804982707648114,0.745666477495614,0.021452566734072826,0.6800997380261269,0.01925787424227383,0.021225731895677516,0.04016495505278401,0.7425449080533412,0.20553012237710483,0.038914773641369846
0.048822234480780505,0.010171848680803506,2.0653388958317205,0.5139659983821578,0.12309558367876842,0.12309558367876842,0.017046361145163346,0.21876189404697305,0.0006966943029650202,0.048441251040948465,0.009936900018956654,2.0653388958317205,0.21311565515284667,0.003720522484373958
0.1139259584430758,0.03159320980488963,0.8343244422289962,0.2429307265490237,0.8536283058769284,0.9189442959105868,0.05710884059422849,0.8532809211968553,0.0034407721985647887,0.0032952774307725414,0.03159320980488963,0.8030171522204343,0.2429307265490237,0.013585694916699042
0.07203365208786822,0.0033379171352852966,2.320372767029863,0.2589225249546616,0.022629379705212747,0.022629379705212747,0.034745701771948044,0.07077851109313969,0.054938395724581174,0.015457039511237515,0.0033379171352852966,2.320372767029863,0.07077851109313969,0.0035467582877920195
0.19541138267217756,0.07490456155830921,2.0703041484003513,0.6107888109083073,0.22732985652706703,0.3163465312786793,0.06619575867715377,0.15888014622773997,0.05388521911473922,0.034290375658147014,3.3315805033763436e-06,2.0661249765571377,0.15888014622773997,0.06445661527143327
0.053059207745762116,0.0402395570233191,1.3803943361408046,0.09550142155424453,0.5449774132116308,0.5603237441826999,0.15669553666855165,0.6492652532717998,0.05903627930453253,0.051382909796342705,0.03906252053961375,1.3517538385614407,0.07587391605275497,0.03693157892357476
0.25191646563596265,0.12024796411995449,0.17152834221605476,0.42160703529870874,0.4650171774151529,0.3508439891894597,0.051442562895732485,0.8727778257251196,0.014102862653241602,0.0427015638099648,0.01973033049741756,0.10286524411514221,0.07214937683197564,0.11300847464404658
0.172739492081434,0.05682665566521638,0.14742209368903836,0.18705292843033222,0.3794597351647204,0.16712743293911195,0.1641445472211671,0.7598032164537835,0.0007540509814555593,0.06835077554676529,0.05682665566521638,0.14742209368903836,0.08519788053568961,0.04677693685748411
0.01022464972959753,0.02562982254031938,0.4196307098662569,0.477807614620186,0.01022464972959753,0.0444591299935745,0.1730572147936492,0.767503996395979,0.06348746594027138,0.006318342551139534,0.02562982254031938,0.4196307098662569,0.26743893306828487,0.024162612489708298
0.02796350588030303,0.03225295898281818,1.5796535206240163,0.10027094280300701,0.02554244941154078,0.024969192859881115,0.056242767724357406,0.15924333378943625,0.00627537036617182,0.024861837413202595,0.017012704647132434,1.5796535206240163,0.0672026248049828,0.024693988556316764
0.1367857873307626,0.1212354851267288,2.340513556592103,0.7043068758593607,0.037839317170181956,0.07232615406259862,0.20407555130539287,0.059349151363239684,0.03357188208055808,0.002969521676474389,0.0016351885025221898,2.340513556592103,0.01753949455822642,0.1179174084162334
0.09688321092567956,0.014052310052717492,1.6062653703743741,0.30378613944134875,0.06333890997989514,0.04016795111479331,0.044984179462640786,0.30283621980129244,0.0010077319722857903,0.02864006100357314,0.005175487738906807,1.6062653703743741,0.2695838041756418,0.03625774224301249
0.061176283463500736,0.00553726180570067,2.434771162024528,0.9693080374019221,0.05602722055591231,0.13592213756262483,0.16257472345924695,0.2653373923197643,0.06285479625726058,0.04777370394735926,0.00553726180570067,2.430612718773006,0.12474985848336231,0.004303925170263331
0.10539418480748104,0.003667156524495727,0.15454974865882892,0.5445325942327314,0.6885891091346247,0.4766054774401684,0.14735614808418934,0.7369307563075069,0.002119230598482811,0.06052812603574614,0.0027458087422232796,0.15454974865882892,0.15087244961134805,0.08075099139117996
0.07980171655473144,0.05732491074614573,1.623997184843182,0.18750776804122124,0.00826474811032066,0.014086171859219386,0.008754111084891773,0.18649524832640238,0.0013018345302754425,0.004036006983498566,0.011940316464074185,1.623997184843182,0.13192810645091188,0.06627206170240865
0.08059481598546521,0.07549090459088993,0.12993056972101147,0.48518341274063104,0.08059481598546521,0.07549090459088993,0.09642693409665132,0.4815807582109287,0.1056528319451716,0.06480054878731877,0.07549090459088993,0.12993056972101147,0.3733033624104957,0.21961988464105117
0.05436595249101243,0.04880310069066542,1.2148178668539908,0.18730808513092226,0.4861325090462242,0.4778213580903344,0.12735380640177185,1.3842643355663171,0.0012943359475854617,0.022273163702105178,0.01057167511971335,1.186743271202021,0.08899773906607165,0.13735386558047943
0.08457951588137974,0.057715560079249134,1.1439242454476353,0.42698999228170237,0.22658524501719352,0.223459736262649,0.11024757238531319,1.2785064659925538,0.0024657442895426014,0.01877037649187189,0.0016606779040116973,1.0695690972311318,0.21751847867532625,0.15266728469470775
0.09555275379195531,0.0384463185001222,1.2525488750355749,0.5336190444612642,0.03253886233191159,0.09189172863613275,0.03431098868596614,0.5657290499148864,0.005731608415736353,0.02828453476296528,0.03230475255353416,1.2525488750355749,0.4267891509766012,0.03431098868596614
0.07921157522449285,0.01152108361240613,1.4261498237596084,0.7052446948209359,0.07921157522449285,0.03229646380012843,0.01238061022076265,0.5139438711668567,0.010488313848941,0.07657476984996293,0.01152108361240613,1.4261498237596084,0.5017459094642487,0.04659078838508938
0.039020410117318396,0.01212107711451004,0.0984974979415237,0.5692841820339491,0.6208602336375453,0.5554995930823416,0.046377579209634194,1.0086215620097627,0.0020756100181495646,0.037863280734264676,0.01212107711451004,0.0984974979415237,0.10492760518450216,0.001276320574692209
0.12033191650433835,0.0738616025848975,0.21199009643966815,0.33469043702393975,0.1644792315712317,0.0738616025848975,0.05736130803791615,0.3342005536620812,0.04371335134610174,0.10351932415773495,0.0738616025848975,0.21199009643966815,0.3342005536620812,0.2667240297720322
0.13248953917441042,0.06374834813465668,2.882438220469145,1.3522852096602538,0.21819642915535026,0.013370122291246633,0.0757592935083083,0.8209421435901103,4.246564902399209e-05,0.13085472896797437,0.013370122291246633,2.7021988473268883,0.4197062199976988,0.04365570400725511
0.007091325635649259,0.009285367089108135,1.6056350939551531,0.14420935361441986,0.007091325635649259,0.009285367089108135,0.016255958522631963,0.20381839096127535,0.0004703949310946356,0.007091325635649259,0.0016044524439493139,1.6056350939551531,0.03001038905964705,0.0016044524439493139
0.02217881697159809,0.030894804618408604,1.6925842346214794,0.026615903484338593,0.6808364044431051,0.6724449610550898,0.06615691127993364,0.8769667150351832,0.018792591312691297,0.002867023741799616,0.0029811154529026927,1.5086489094701039,0.021365636983723266,0.017057669785500315
0.09159154000318176,0.09102654844055239,0.8703073978765005,0.1475405006248807,0.4385501119177652,0.5039927747692966,0.20939020684733503,0.4390366676018733,0.0005565477939366906,0.005744531845700145,0.003595744768156075,0.8703073978765005,0.1287768750124325,0.11663254142537267
0.021493441882829402,0.0026173647254510808,2.4188050302067716,0.5128170135300725,0.09388272672499562,0.036143183140673586,0.05129018736591559,0.05104390401521552,0.061363446198793255,0.009636507462408246,0.0026173647254510808,2.4188050302067716,0.02748288447751987,0.03662325284976558
0.07062625853623104,0.007788636197269215,1.4182973633001257,0.061299760787880096,0.4706681104093639,0.4871363971417193,0.11937619247119628,0.5729490455304947,0.01308449846665073,0.009181353102268842,0.007788636197269215,1.3934172468948645,0.061299760787880096,0.09520104971381937
0.1607174145517259,0.07988688396434575,0.2727489759186251,0.49794110768515226,0.6146358685755168,0.6006080664662489,0.12968712439430652,0.6140867889531392,0.004253559025797033,0.05896829966086414,0.004015271152762354,0.2727489759186251,0.07911438967485342,0.10388657693770016
0.11867122520156574,0.110959954226777,1.260096665940794,0.16557017796219103,0.5367193215638923,0.5787566655538074,0.04719966161747475,0.5940007063065149,0.021417857265005235,0.04703474155467787,0.038307229827558215,1.254208962567859,0.07199948684848632,0.13798632044722592
0.13291215710388565,0.19845191108398716,0.07339228874693629,0.7237797925854937,0.30340918459600535,0.22672946689394766,0.07091717555741126,0.7229206359589928,0.013927752389803746,0.004449522431607028,0.14675796147969042,0.044682355925913055,0.13843348374231076,0.08576872883819418
0.10688553217250739,0.10507080127011781,0.8938566620486157,0.20224310644310237,0.4914778995673273,0.5678638176505449,0.19660283532497544,0.5030597844704047,0.002431003650082711,0.023219793474307898,0.0039035271372099022,0.8938566620486157,0.1335852324134786,0.07208509292997174
0.12779873244994722,0.026023984711384528,0.0330599488869442,0.8244107593326252,0.12779873244994722,0.11951362939511395,0.1096694559144684,0.8239234636706501,0.002782745903709302,0.05518150359351313,0.026023984711384528,0.0330599488869442,0.12912827084696044,0.03258856891531353
0.07714659983279895,0.04806711348454719,0.7698017868222066,0.2844138913473949,0.8118049336405998,0.7090517473103557,0.14433487235610806,1.053070820850923,0.006073156798837503,0.05338269965778252,0.008838050904031074,0.7144181200870648,0.2105385627893222,0.08679284282236531
0.04219257872817148,0.01737351769694817,1.4284422550558378,0.06510929984824669,0.3790671212811687,0.40464750145809314,0.014768271716523925,0.46087247832158645,0.0005077881197679959,0.0014171048249460457,0.0005426080292781249,1.4134856414427786,0.012028112663211766,0.009823396275936161
0.06289611419638404,0.0017528276816964198,0.8728102381657092,0.28766429473505006,0.7978145117680615,0.863614026714815,0.005271620615404854,0.7977173865548477,0.0011681118191736108,0.053437182421299405,0.0017528276816964198,0.8489137925542315,0.28766429473505006,0.011391331315562444
0.11130116935754933,0.020922162811380263,0.7032473420931895,0.1271899708185319,0.7287885754464202,0.7927578218076586,0.10086726268113659,0.7281109805061579,0.0003574335495422383,0.03786112557476888,0.020922162811380263,0.6811538587580998,0.1271899708185319,0.011889151196349656
0.054293732728675,0.003239202601551457,0.23687838234087666,0.3464345190544531,0.062499696240069916,0.0037636175347436907,0.0037636175347436907,0.3458148874750323,0.0031468514971929006,0.02876455786448016,0.003239202601551457,0.23687838234087666,0.3458148874750323,0.36151347203655104
0.10156671004860167,0.042081854503121505,1.1156132202732632,0.37617084535550316,0.030159553965970146,0.14464837140242034,0.00824571290756833,0.42417812911640945,0.0033723624472540917,0.020663301971171034,0.02615367688862142,1.1156132202732632,0.37617084535550316,0.09747673147865572
0.006532853007920111,0.000774282004930763,0.8058837777900653,0.22875213693203472,0.5659331283154965,0.6317775802514008,0.07682510357376232,0.5658935153176452,0.00361294599441875,0.006532853007920111,0.000774282004930763,0.8035057643254215,0.22875213693203472,0.01702919443315918
0.03061972258457737,0.0015971184909181427,0.1553207005305435,0.2761265398029633,0.03061972258457737,0.0015971184909181427,0.07815230588973877,0.2761295515312741,0.011052858350289766,0.030327601044118326,0.0015971184909181427,0.1553207005305435,0.2761265398029633,0.4453459045699113
0.08918686880014548,0.014494487373043586,1.0332089437011116,0.11874660368679242,0.3093380841498985,0.4282732817090457,0.10019144464016264,0.4310246186291439,0.007253193491681838,0.036913044090110265,0.004812377998069898,1.0332089437011116,0.015701828289895668,0.05535531389336949
0.016629527062797755,0.00755729574826135,0.22449002986659794,0.4779704521471894,0.016629527062797755,0.00755729574826135,0.06882908594123407,0.4779704521471894,0.010008593773098052,0.0125272542236261,0.00755729574826135,0.22449002986659794,0.21027696771646737,0.41180315108200327
0.34953482529970487,0.018282670876901285,2.8185595717597773,1.3548903534163739,0.12061566785496342,0.0735392281483914,0.009735911498772813,0.4302330129014046,0.06586199045215246,0.12061566785496342,0.003258480102333079,2.813062636977875,0.1974456944264442,0.00019176235477922878
0.07961474450073812,0.05556771471169743,0.06226838131857785,0.7653052805283851,0.07961474450073812,0.05556771471169743,0.03403175185626182,0.765321442838865,0.0009787055171664887,0.05140464984948956,0.05556771471169743,0.06226838131857785,0.3639778248035044,0.03314030936299901
0.005553440833995399,0.005507237661787647,1.585105666766325,0.6558739516128069,0.005553440833995399,0.005507237661787647,0.06127156545927915,0.41166825277631186,0.005507237661787647,7.576360867670942e-05,0.005507237661787647,1.585105666766325,0.398869094616692,7.576141611234152e-05
0.17635550313820836,0.05483828082789952,2.2722559827719055,0.5871939191677276,0.26008933055210753,0.26008933055210753,0.023555013567111992,0.8613202524799524,0.00367046671187169,0.03881223746087837,0.01671085347560474,1.819855786823085,0.286932280226478,0.24702113634879344
0.06488598471082326,0.033398208734633915,0.7698898798908556,0.18833120248359347,0.7521082642328442,0.8171359433640576,0.09058642818692197,0.7516693560756021,0.01057968796919816,0.03277756372470598,0.033398208734633915,0.7470006935718685,0.18833120248359347,0.02291170048409276
0.0460473675473251,0.00126014666611852,2.1548025455583644,0.47015843863702833,0.04507204195312376,0.04507204195312376,0.07358068883399115,0.1291024479721655,0.0016264193371026512,0.04507204195312376,0.00126014666611852,2.1548025455583644,0.1291024479721655,0.032940912778332755
0.08814723953798306,0.023321329293454523,2.3181979823782273,0.5646513498970953,0.5741231900803402,0.5741231900803402,0.2920712248454189,1.1506025559573776,0.0035703875511032025,0.08814723953798306,0.023321329293454523,1.5360029336660677,0.5085759753648572,0.03364927045823327
0.04143320387963053,0.0015025931226839027,0.6757361801108254,0.2148442359126998,0.2213411803479987,0.18800857681784044,0.22073528760738304,0.5286447466248168,0.06871799736785905,0.030604048728078464,0.0015025931226839027,0.6757361801108254,0.03314921065152372,0.005898037968420876
0.02445491317737777,0.012245827206669885,0.07360714151749194,0.4963852233268468,0.5893584153247099,0.5376655993236916,0.2272839386606621,0.9354253143197311,0.005905999308172605,0.02445491317737777,0.012245827206669885,0.07360714151749194,0.37223334729093105,0.023125026102679108
0.037706616844059265,0.0021420415291420708,1.1088902243030339,0.4638309127907306,0.06272196523831138,0.11622130864422014,0.04448226810679975,0.08218270316990417,0.0018488472215077302,0.015415131612197671,0.0018123496709876114,1.1088902243030339,0.030726668102367374,0.016547671487695842
0.14115976697453617,0.009807872516451443,0.29312921610141485,0.46718613425851535,0.1464035609795674,0.011238112412307169,0.009640766891622403,0.48448642431190775,0.09036532590405405,0.13051864503608812,0.009807872516451443,0.29312921610141485,0.42304956619160006,0.24270414577694077
0.011310478575563242,0.011310478575563242,1.0763991087154035,0.11478745064517458,0.6615066535723446,0.6151980081449719,0.004517510607286768,1.2700759018236518,0.00041790809483900973,0.004155692560289125,0.001690290365138407,1.0168652470992587,0.048440487802354895,0.3513413124375176
0.02357595430331774,0.13402047573645776,2.0824954428545523,0.3112896557701715,0.8686354455056433,0.8676255013082697,0.13934654500852284,1.315821022080454,0.000636332982697268,0.02357595430331774,0.13402047573645776,1.1649234045343568,0.173698555936365,0.13189900045769312
0.0911411283612173,0.03695276870553776,0.039768649064489535,0.4954305873059021,0.14962072785502425,0.07843570324278101,0.06355672006843313,0.49406317707118536,0.021012966020304075,0.0017801595962487475,0.03695276870553776,0.039768649064489535,0.32208128481713805,0.3091758340543793
0.07199068978839793,0.06988225457032299,0.7822352716434102,0.156094266589082,0.4913706729646876,0.5571667170238157,0.09793229863983038,0.4912700773530652,0.006318559897857232,0.02192184788754136,0.0013003113404799892,0.7822352716434102,0.156094266589082,0.05809660037117757
0.15465473768303356,0.016408383225960863,0.2337405927539641,0.2978974789297225,0.6546379829089461,0.5389633505597545,0.24263790609352237,0.7164927932462357,0.00297578021003996,0.037689526208323464,0.003675501081322706,0.2337405927539641,0.11092141830827709,0.007095715982175158
0.016770706601777954,0.017473252287797753,0.8387531334018482,0.17337782448715547,0.03372147736798087,0.09072864852338194,0.057069528276741756,0.3002261085468261,0.002400129937004145,0.016770706601777954,0.017473252287797753,0.8301648072465345,0.17337782448715547,0.007083989720300867
0.1147356891650328,0.0673764623586748,0.7318548845278786,0.14331666210519597,0.772555981446057,0.8368390046134437,0.12839190023226707,0.7719407390673018,0.0026962733481381827,0.0025727317452732927,0.0673764623586748,0.705484296504056,0.14331666210519597,0.0583240184785827
0.0719445923503467,0.01227888065040654,2.1830410591179477,0.19410886500672955,0.012286633051620158,0.11408376205928436,0.0028044228950911618,0.1933893151227316,0.0023885014050198535,0.012286633051620158,0.01227888065040654,2.1830410591179477,0.055349148533907516,0.030877910616481905
0.06383073848797274,0.01438738701327943,1.3436975515449487,0.5346147149008732,0.042370159476849564,0.12499930664786588,0.021564206140957814,0.5340408751522829,0.01438738701327943,0.042370159476849564,0.01438738701327943,1.3436975515449487,0.3534257788712808,0.021564206140957814
0.06189147170305187,0.05384176032985282,1.0118184435589432,0.2302450521386797,0.5579190078021161,0.4890460901532365,0.12088314409524596,1.2938936658381124,0.006914183872920456,0.019378130763435863,0.00687416934069246,0.9698835755222923,0.019076178336379604,0.3052045950184041
0.03504828108979018,0.0058315942167945275,0.1075169370328679,0.7308497985044815,0.03504828108979018,0.02536572301079431,0.01570665846648486,0.7304473162332812,0.0007755769340258101,0.0227551878298983,0.0058315942167945275,0.1075169370328679,0.18141174596744564,0.006460489948553657
0.032911414668222866,0.08806751992801208,1.9169013326572868,0.23717837963185984,0.8499367540904652,0.8496855171594452,0.07308654684481611,1.1620874853537908,0.0025378558795529993,0.032911414668222866,0.08806751992801208,1.2576496278869433,0.06659187543417076,0.08220924506277653
0.06879618209261683,0.002859628972725733,0.05514018700615236,0.19317387378953865,0.07187631222158081,0.002859628972725733,0.16990517981863007,0.19312394217153458,0.010281518786860322,0.03617105200706546,0.002859628972725733,0.05514018700615236,0.19312394217153458,0.4796803570393423
0.009616958933354463,0.02344918658094232,0.46213472834601405,0.28989867024648847,0.4133941653348655,0.4236433715874241,0.024254448296981028,0.4136713485622939,0.0016546018927687653,0.0021333507046953516,0.02344918658094232,0.46213472834601405,0.12731635502825003,0.048874959570133394
0.051406886874198705,0.008621644842883356,0.733007380893036,0.4300762484049837,0.20987229592116607,0.21139323542071908,0.2375426144033892,0.4790472602173214,0.06128018712771157,0.049910135115515834,0.008621644842883356,0.733007380893036,0.15799749752123277,0.014065494326567679
0.013893697832040978,0.0010057421569570648,0.37114849333686833,0.6551606061710877,0.018782251991091077,0.047265648907542944,0.01184965232832483,0.6673917950316789,0.09973150478761597,0.013832393687535726,0.0010057421569570648,0.37114849333686833,0.25727609115750655,0.18294086201340515
0.19379941090486646,0.04921527766777488,0.534276095249163,0.792401912064932,0.2600466811212842,0.2542851175783509,0.0028994454384409837,0.6398313458916957,0.01607446562371286,0.02274782768758699,0.04357766045461511,0.534276095249163,0.4172889312178478,0.07075173716702535
0.01485518267547324,0.0041763341075701154,2.267449738617131,0.3201186892595446,0.05439036084427309,0.03125395685169856,0.054017157114743315,0.10762412700092597,0.02688823871667832,0.01485518267547324,0.0015011979365731646,2.267449738617131,0.10762412700092597,0.011206497631689735
0.12905764643276524,0.005486627766950777,1.0637041605965467,0.2338565106391243,0.4265545488602798,0.5235050966401641,0.18428497705295815,0.5576490060336156,0.004249097089922329,0.027513366257402538,0.005486627766950777,1.0637041605965467,0.010503156151778506,0.0901789360956149
0.011032983820837602,0.0023711742099861745,0.040060327873116024,0.19656342444860372,0.04154311598742781,0.01117503453657928,0.03604466083043112,0.3514819150270524,0.00012074748209811824,0.011032983820837602,0.0023711742099861745,0.040060327873116024,0.19656342444860372,0.015505695388036872
0.06610983507837019,0.030330123028186832,0.1307826738554805,0.7284973381624994,0.027192619392554452,0.00782986383502932,0.05526784085335409,0.730163056179324,0.05913678074544779,0.027192619392554452,0.00782986383502932,0.1307826738554805,0.38912771606478364,0.008293454566871942
0.0400661733360681,0.03695724784225865,1.6826193141111954,0.02812126731670827,0.6663326831456212,0.6562758098519342,0.06844805491651659,0.8577097180245378,0.01761150669290501,0.005273334413136832,0.00610619795389978,1.5278305920603648,0.022254937071753925,0.017997435267482598
0.06449625021642073,0.061810897519285896,1.716277983360202,0.22788939596514732,0.01566940214284455,0.04925925986085835,0.01789497888907753,0.22692412933520276,0.002825131923752678,0.011259835407772065,0.0066066297480225225,1.716277983360202,0.14889690294898095,0.07765334348565314
0.006661620782795626,0.004590597868377055,0.8900602813524975,0.03348404007350623,0.303640671784747,0.37049219999709654,0.171672059590955,0.3073001695413027,0.017566712090231362,0.000955580352212085,0.004590597868377055,0.8900602813524975,0.03348404007350623,0.004591779881097005
0.019147084566779816,0.02320222194485849,0.8828932460781425,0.03915685543348743,0.019147084566779816,0.02320222194485849,0.039156854799584216,0.040457375618255215,0.003932529523595821,0.019147084566779816,0.02320222194485849,0.8828932460781425,0.03915685543348743,0.023283056673198712
0.10374823203225182,0.0909462113192144,1.7251097060628673,0.6108191263168354,0.014303982315973749,0.04267676057473958,0.03938353430203051,0.21660067176789521,0.05583467851549992,0.011486003898023116,0.008057353501549446,1.7251097060628673,0.1982651776064745,0.09928697688290042
0.007506940322332143,0.012111703102075624,1.7534709432060605,0.09631036290218488,0.5127597693673843,0.5008926837060778,0.2194239493275821,0.7185745642587167,0.041845783725091415,0.007506940322332143,0.012111703102075624,1.671859069222248,0.09631036290218488,0.02568646187948303
0.016397168008186393,0.008958171642801663,0.13092837535051927,0.1519229084655161,0.13651688433499115,0.06408576856999566,0.06821529887102742,0.3905804224158371,0.00858487191026533,0.012013980369806703,0.008958171642801663,0.13092837535051927,0.1519229084655161,0.02986037631460263
0.022623768572935486,0.022623768572935486,0.6185019012425764,0.2161829898133179,0.08346135284943441,0.057164174760689,0.20658972059230143,0.7439999238876012,0.000786440137359004,0.01980538814054054,0.0024193920712204217,0.6185019012425764,0.006658419205993452,0.02355186664428798
0.037477593271909436,0.027156540691527016,2.0089194382420064,0.4499672209543741,0.10971653198629566,0.030115151022363326,0.06394611516388156,0.23015062755531848,0.015260152101958266,0.0038413684956355044,0.00025685251991506707,2.0089194382420064,0.23015062755531848,0.017663208380757182
0.04049975108221431,0.014967077082900435,1.4115495941802745,0.08759892128942508,0.1597821423055704,0.12569137448781026,0.1679418841200675,0.2882888683290334,0.05285470242896443,0.0401592335276739,0.014967077082900435,1.4115495941802745,0.0020178808622888546,0.008311597859784083
0.0880392292968292,0.051333026550882746,0.13949275929915098,0.49086549921465483,0.6422081197083894,0.46784983536861313,0.2177942309503236,0.6951613054018885,0.0018308585518243916,0.008759909392070348,0.008448704927759692,0.13949275929915098,0.1330668922570045,0.032715934068472154
0.09424299915555064,0.05578084192967441,1.829957926245066,0.4264470316718492,0.017867073733541915,0.05172039779882095,0.019010711642716702,0.23919745076886548,0.013106977634753728,0.0012746982960530466,0.010045461164194469,1.829957926245066,0.19459520663517132,0.0368566298902773
0.12524331641036154,0.0028107036715779316,0.14882184809894114,0.39553955445362105,0.5709931222289778,0.4619743293139096,0.2647542596176183,0.7684551178786089,0.017038288760002584,0.034408698239390204,0.0028107036715779316,0.14882184809894114,0.3288207467188083,0.007291939385734031
0.08565165486486513,0.08728133450130357,2.6066031955937,1.0381356917567979,0.06429000697413646,0.10289256315397999,0.012738638333163575,0.8256267441490974,0.017523751970759206,0.03126147350487516,0.026491491063136318,2.3620473169352723,0.48015316518912105,0.08321595298214954
0.07366997877216556,0.03743309521827162,0.31122176716183086,0.2314109206946053,0.6444020632424082,0.5253257511046837,0.2332231191504543,0.8015929679780385,0.012546453470233723,0.00029062597824385954,0.006890314813954299,0.2759432941178244,0.1828780439075408,0.03441770937437004
0.078475767626656,0.08225433055262962,1.4221007469976883,0.10038846977597335,0.30933256291679906,0.25412980635327664,0.3255907292967572,0.4206259570476272,0.03527660756753211,0.015746712070363295,0.010000813261469314,1.4221007469976883,0.01619209383059216,0.06075213880448584
0.04367590709274516,0.005557594344439866,1.1471700508124099,0.2640215390735951,0.3736521792098848,0.4498427617598228,0.11134312664117862,0.5723883677836402,0.002338571042387081,0.04367590709274516,0.005557594344439866,1.1471700508124099,0.10488742975426674,0.005224484093658591
0.028397929587793913,0.028397929587793913,1.4426334424248786,0.3221819292510601,0.2457397631252325,0.2514304893355901,0.028115588275443137,1.5681039735187503,0.003829086083123579,0.011562778943046291,0.025209823265327818,0.9152827382843801,0.10988814401953377,0.027557994700056952
0.0623072030518684,0.0623072030518684,0.7663647569692495,0.28563370835996665,0.04424917728653205,0.002870483041255315,0.02784384631955139,0.6780961546387914,0.015596638499198191,0.005759474905790798,0.002870483041255315,0.7663647569692495,0.15301013179661355,0.057930610264020264
0.1325308570409346,0.06873642356205346,1.1897441956129537,0.5021531817720198,0.052611842060616636,0.1305210318490656,0.06437854393391074,0.5486641297690052,0.0007054110802233461,0.0005215217079400623,0.007227106702092755,1.1897441956129537,0.3717998374391858,0.06437854393391074
0.06503357523847354,0.041550166386249754,1.1665990370055397,0.3408624529301066,0.08027040191939924,0.09491100356249947,0.09493821313842778,0.2512919577306529,0.03798721718912207,0.0158775073667976,0.0323955748715033,1.1665990370055397,0.13870782487765787,0.03273008465535849
0.020343525179193186,0.016686979629881266,0.43339154245899353,0.1607466218022292,0.7193942495584204,0.5981627363287343,0.21113371460183047,0.8347460553339159,0.00046633454716963284,0.020343525179193186,0.016686979629881266,0.39114674596224286,0.12216897798349498,0.022081084697607018
0.06075986661049678,0.038109476806502646,0.3241208484124387,0.49987161315269607,0.06484950860049171,0.1287031713074309,0.06484950860049171,0.9406343527059878,0.06809752917531176,0.0413947160172966,0.038109476806502646,0.3241208484124387,0.2665838560542728,0.1146617779948184
0.1538954972014442,0.1734030285552138,1.9377807324703504,0.14194070016331775,0.4996568525643794,0.4985744039474862,0.14533681529978315,1.704394946393098,0.0004656467119588468,0.07695514995386049,0.04247427971332709,0.7002530724143223,0.01568453413185409,0.16618527092679197
0.04296207789762443,0.017728696180401574,1.1910279365529215,0.2392049686540494,0.11021831332677925,0.2023116837593202,0.031564992551196915,0.4318309354027774,0.0007698353612325941,0.038687176920248346,0.017728696180401574,1.1910279365529215,0.18551475661751404,0.039420250901960226
0.12409876170516115,0.012370467472406917,0.12409876170516115,0.35164838562993533,0.5332058095139209,0.3116481908102482,0.07555144508469734,0.9259948042166212,0.0029518989608049557,0.0008935922049764924,0.007612238987793302,0.12409876170516115,0.05676476308563629,0.0997142998226166
0.030101004261650886,0.03487995502830639,0.947295407441889,0.02508933773454239,0.1802061656735415,0.2829465493149692,0.08912133260367411,0.22893988658196782,0.005250804150740454,0.020597072062261516,0.018439996168270092,0.947295407441889,0.02508933773454239,0.025895539520570464
0.008247259279725512,0.06874920255121326,0.4288277420950387,0.30197597732118,0.4156002249127376,0.4453168260691757,0.004427537242231691,0.4031814216406414,0.00879999681316063,0.008247259279725512,0.011348851710179183,0.4288277420950387,0.07787220652303581,0.21241242404586877
0.22717363130254467,0.14636879960786875,0.7839421681628493,0.8026680357496444,0.13060359266190855,0.1616729925764226,0.06261002643867235,0.8185424307533749,0.012107993320914645,0.02084322472929118,0.020978272218977197,0.7839421681628493,0.43141490505821,0.21670322655577698
0.2999981510516798,0.10567845671692568,2.591288517078426,0.931433342849343,0.018932907850696165,0.11021025594679094,0.03309309010063928,0.9773452609570827,0.016735141448793525,0.018932907850696165,0.0909431735392574,2.0984919210783186,0.5099523167478124,0.08763367638550422
0.004222744347630188,0.00034152527509360205,0.9260020861588831,0.7060924548582438,0.13631408490963387,0.14116297862027874,0.1394691800675139,0.5374294427519378,0.03074398422813997,0.004222744347630188,0.00034152527509360205,0.9260020861588831,0.0648720710954281,0.013479089823674129
0.11388748384802348,0.023822845380270977,0.013948333656092717,0.5981020472693102,0.7389405918500036,0.5610495650290626,0.08075374295670053,0.8587545852158933,0.0015681952008200987,0.020213766954435736,0.023822845380270977,0.013948333656092717,0.09493831286138513,0.0034129595498276193
0.020915678061919043,0.018138718852457922,0.9212334756603282,0.09604340085989464,0.02090905896549904,0.14202316013712982,0.11336067867776797,0.5157957597669045,0.035999835331025826,0.02090905896549904,0.007722120628582006,0.9212334756603282,0.05074568322136365,0.07141837145177449
0.09517785696817267,0.021550496825422226,2.5047568981490245,0.9479271817155384,0.03453082111362081,0.07933013930490089,0.08048278144231015,0.7326715885265987,0.020011420209700793,0.01933130999612674,0.021550496825422226,2.3119853085830946,0.4469859240889191,0.012511858352367941
0.23627611733816087,0.11536398834368526,1.2745862875320282,0.7046745072181139,0.05414420166284292,0.05414420166284292,0.09875125299362811,1.268950895324323,0.0006355967640039994,0.00465134062323502,0.017651127418469418,0.8238755796041158,0.49386943866933836,0.15746566295969208
0.13413371349849953,0.10770050766644665,2.0497235875441304,0.26062693661080866,0.07640284825905551,0.07617277079022153,0.12997208748686567,0.22702140920814623,0.006015534437642102,0.0007871664498804655,0.022010357864602717,2.0497235875441304,0.18243499069583313,0.11599853980190436
0.22750309618663184,0.12170984142544936,0.9836144906236193,0.40516114509427176,0.1136714997044227,0.035486970847543424,0.00855613370551291,0.496359823996384,0.0023471000074189266,0.011646902991951855,0.004578418116513462,0.9836144906236193,0.2847978815743199,0.21662181111883136
0.11667551829747194,0.06650775353996058,0.42278126051779674,0.27489496685005577,0.5150677112126801,0.5607482940131602,0.05509646852561109,0.5072596999201477,0.003343049496374312,0.04249768252856491,0.007662284215769186,0.42278126051779674,0.03597804048943086,0.10943838819126091
0.21914898013122208,0.023827206953212034,0.22085657984600776,0.15990944875137258,0.35432753734296063,0.22085657984600776,0.2218654570183807,0.6570610699131922,0.011531904241105598,0.04076441169836829,0.023827206953212034,0.22085657984600776,0.15990944875137258,0.033023773816868815
0.12402879671533117,0.060281129896598236,0.18132187799944388,0.39550675597545076,0.5852731424092403,0.447880189243046,0.2939917716523761,0.8219744510755287,0.002985606530333769,0.09874570383587862,0.060281129896598236,0.18132187799944388,0.3260026936088903,0.07040311066749591
0.21010032674994694,0.0002535218437712599,2.514776937034271,0.887535941039954,0.06987846931487478,0.17673977973539245,0.2635937128858179,0.017489359012461365,0.06799352462701244,0.013153601864613795,0.0002535218437712599,2.514776937034271,0.017489359012461365,0.16862194384679347
0.10633224792586424,0.05015430921688707,1.6600221316285495,0.54273744305736,0.049448893250652465,0.04231106122016914,0.033255184769168486,0.42508049122188135,0.001172715848998469,0.03589807903776597,0.031662410888558166,1.6600221316285495,0.41294429558343015,0.044384703466391576
0.07540796035043094,0.008706088709922613,1.6808520486505663,0.5012703247668833,0.09454485790602137,0.04704501436171768,0.0012181231138763313,0.4362129759193079,0.010106011997189324,0.023114049920536246,0.008706088709922613,1.6808520486505663,0.4362129759193079,0.0012181233394064062
0.035191650548750245,0.03519185501558937,0.35605571938149094,0.36360462408576283,0.48380783130620575,0.5096249511906407,0.006117870010949255,0.47163960106138275,0.0020556736518157035,0.005167297321023858,0.011950861212571332,0.35605571938149094,0.04526578704981791,0.19404014982478857
0.07112495845745481,0.06614945721078942,0.605521001174429,0.4504814182205023,0.13795905420554294,0.13795905420554294,0.16286477243106445,0.5832125485480881,5.118967640216021e-05,0.06292321124324783,0.02350814155325044,0.605521001174429,0.16959229089524697,0.06280517040810328
0.19255381838531066,0.19255381838531066,0.65239789311842,0.641017705810872,0.40161016251954496,0.384038452360408,0.05952177821019632,0.8705037503150679,0.0009274589952185978,0.006340906000254725,0.005475317160615844,0.65239789311842,0.18756891572378448,0.2639950457356226
0.054431595034720476,0.035788233423211316,1.0981683966873468,0.3927964538631207,0.3082877044923658,0.2924559288580696,0.08817967113682021,1.268690336305604,0.019343349782348158,0.0018554625235412832,0.021797909765963727,1.0981683966873468,0.2038837638064315,0.1472259218388308
0.00594692634885764,0.02471524816001998,1.9575073040647264,0.23322379797455717,0.5469431106442552,0.5462584285583774,0.24593063027291745,0.8790862464973129,0.011234547995361036,0.00594692634885764,0.02471524816001998,1.5696234467059627,0.23322379797455717,0.03608554379811311
0.1299023665253265,0.061128068952366506,0.20335555056527335,0.5789271642897811,0.6934549117673663,0.712679678210761,0.17655666506194978,0.7026599581929786,0.0232172678925939,0.02110823070103646,0.0027673269513171523,0.20335555056527335,0.12130000149432038,0.1333535681376772
0.0517951742735556,0.014864679809951115,1.9109828671569673,0.17534545950501523,0.760512979836671,0.7596832617237175,0.13811067805134988,1.0663914877942515,0.004705259963058018,0.0005691244407875687,0.014864679809951115,1.3568185179127592,0.1434491080130651,0.005273441933917069
0.02769828978992203,0.0013364886663158604,0.7574378114849374,0.6237963768633042,0.19359650035642834,0.19359650035642834,0.27035522930945016,0.5885872763083458,0.0018122113342321385,0.02769828978992203,0.0013364886663158604,0.7574378114849374,0.0660322312875468,0.003027610238100078
0.20683175781933205,0.1698058000807918,2.1879149705471406,0.7454380423798415,0.2785142933863961,0.30898298681649067,0.09092849069002663,0.2698244404297768,0.02899719506344553,0.028387924104971853,0.010557581382888155,2.1803471469324243,0.2698244404297768,0.16075248521502247
0.11704923052362637,0.04106238041345562,2.0349508075497993,0.2817715831594157,0.6597251569442968,0.6597251569442968,0.27201853027810075,1.0465211844189717,0.0007414898916773331,0.029908345959001235,0.04106238041345562,1.4323355097265702,0.2711987020504778,0.06191504375562276
0.09731201521225412,0.05627345088655405,0.09712313244048286,0.15903235337332833,0.3206873376586233,0.09865722864512275,0.08848995203600549,0.7271629098409638,0.0012718205554643858,0.011167256173845017,0.05627345088655405,0.09712313244048286,0.14983033691595707,0.04544054266320303
0.06505132022511889,0.03823383644198811,0.07819920997346604,0.1556959232330371,0.06505132022511889,0.03823383644198811,0.064232442847185,0.1515300462405104,0.058752051034936935,0.05988869721063321,0.03823383644198811,0.07819920997346604,0.1515300462405104,0.15912837534051819
0.1661455678435938,0.143248931003076,1.0112211801170918,0.23276756756872985,0.01867795783809373,0.05144281890148009,0.01983750370304209,0.5433564854063805,0.001239544607688897,0.012361845475721328,0.024018964779001034,1.0112211801170918,0.016237439553829468,0.16369131138311716
0.04255665669398873,0.034446183532524134,0.10105450488181052,0.724987003619385,0.15453117110374312,0.17724374207705795,0.11745062613427414,0.824550253373042,0.020667448355567913,0.02366854327754386,0.018901906617871056,0.10105450488181052,0.2191783454175636,0.03035317524449392
0.08720915738667129,0.08720915738667129,1.9865096789147898,0.4919105167875711,0.04610470501305563,0.040871166741561014,0.04106163403302882,0.2119562239157172,0.03441061659746567,0.010148899808171106,0.040871166741561014,1.9703162875653706,0.17581913909468472,0.18617851303038496
0.11042237781216509,0.06551565213861234,2.181903014387365,0.7054556151806305,0.11023764624365989,0.10190669530638774,0.05621345481825987,0.23639156830131228,0.10556398000216849,0.060365447661099816,0.019124721482873867,2.181903014387365,0.07200131335184663,0.047035141340494906
0.007058790773408079,0.004861152867583504,1.4853705304958642,0.05281315879584556,0.006589955176533861,0.017903064598679172,0.020307755396434535,0.01639886268964493,0.0020671718604246413,0.006589955176533861,0.0013955922207243472,1.4853705304958642,0.01639886268964493,0.001695047780193319
0.22517452736724497,0.02864079586433219,0.22952095660922772,0.1623049910187471,0.35194857153703757,0.22952095660922772,0.23040345104292445,0.6443789530765619,0.0013704823913742723,0.02901975876359861,0.02864079586433219,0.22952095660922772,0.1623049910187471,0.0379780143913514
0.03034210391307271,0.000450406918056867,0.4987047842483293,0.32519275394406605,0.05217054683983456,0.000450406918056867,0.22701087043282311,0.7952956819321974,0.05153684887818346,0.03034210391307271,0.000450406918056867,0.4987047842483293,0.11785485814264772,0.009722252174455168
0.068687729642414,0.022621004286673005,0.035086013775142116,0.15383622408330563,0.10073558963056019,0.06626448473086305,0.06904030645678724,0.5311822738555367,0.0007841053378841693,0.068687729642414,0.022621004286673005,0.035086013775142116,0.11554458472743384,0.0880434870162419
0.07075485162264465,0.00645520061277186,0.7818314700853044,0.5035022788888907,0.2183547105144281,0.23104969392746497,0.2611379774008313,0.47291770910586656,0.08243395491003036,0.06065670890032225,0.00645520061277186,0.7818314700853044,0.15075607946611327,0.06960294876322691
0.12644480165160368,0.07667859590298194,0.41659638976410396,0.2674712752660747,0.5251519525748204,0.5709616481722987,0.06511484977941615,0.5174210429350186,0.0015414927362870103,0.034854455103902206,0.00746451018420629,0.41659638976410396,0.027458820393430547,0.11492198509635536
0.0027257651699886865,0.05464089078332158,2.017988359854112,0.20826386975285036,0.7674301477522781,0.76633863213334,0.04168874219723713,1.3747380216355387,0.006912060402507858,0.0027257651699886865,0.05464089078332158,1.0734095465750817,0.15766760765263896,0.09886762186238346
0.06467482248623525,0.018855605256029636,0.732264992786681,0.34549158362285126,0.1903870431348267,0.1903870431348267,0.1972818555770768,0.45553068560071025,0.02790703854044019,0.028837403478433405,0.018855605256029636,0.732264992786681,0.08105189934598478,0.023250959934450432
0.06478881794015293,0.01257486816082817,0.0037898150349964434,0.371938725657216,0.47432328496083714,0.2864849394792924,0.04783236368617124,0.8748762929711267,0.0027905737089236214,0.06478881794015293,0.01257486816082817,0.0037898150349964434,0.12752676800280288,0.01801929008612054
0.0010364582095309784,0.013966485020467035,1.362767200557459,0.03295300693873353,0.6544198229765165,0.6549377212512263,0.03088056055406804,0.7638353993066134,0.0017430625030177233,0.0010364582095309784,0.013966485020467035,1.3271166134075678,0.03295300693873353,0.0733807371495283
0.017169174658714877,0.014432789749842884,1.539547463359324,0.04919072847868521,0.3439570427070434,0.35804541816736607,0.032829150906549566,0.4515996537052306,0.028179311458962002,0.001426660656596706,0.014432789749842884,1.5174139259209933,0.049091405246706424,0.004189355081475892
0.07100161405624972,0.015768017612731448,1.3385152309831352,0.12248448119735819,0.16274292291452636,0.16189884537423568,0.1884757713570086,0.356977399049407,0.053883568447964506,0.008033650798665233,0.015768017612731448,1.3385152309831352,0.03735591915488914,0.039110466067939005
0.013060000529104365,0.0044764843704513555,0.817949086540358,0.7202178953619731,0.26066420858038386,0.26066420858038386,0.2417764942671556,0.6337973066302086,0.03693273107173099,0.007884309453327713,0.0044764843704513555,0.817949086540358,0.10842267218316878,0.000795663297890518
0.06619357263793625,0.028476685953087215,0.16436491358523894,0.9054504181182789,0.18898670469725298,0.028476685953087215,0.004935549889842506,0.9055633013070046,0.0033728964728439387,0.035329084573926604,0.009009352442108126,0.16436491358523894,0.05971829231491522,0.11281996440513804
0.01110086935578271,0.009719744085373728,2.0050322232116065,0.5744076141645994,0.1504775864506153,0.06367568693578185,0.08281063530786797,0.283009374360512,0.007718184387166166,0.01110086935578271,0.0024386524356760897,2.0050322232116065,0.22477445613855987,0.016074256367769598
0.08522432577790082,0.01369908855511046,0.08877855241752262,0.47300770374130413,0.6181011599967438,0.40506174463808103,0.07683545892374116,0.8001407817320287,0.004545482954555771,0.010561728627456793,0.01369908855511046,0.08877855241752262,0.07919958568650104,0.06663354188968855
0.014290122312542458,0.004126690052051307,1.5485378146951683,0.6478693198807609,0.014290122312542458,0.0201322873390066,0.037797998158813226,0.36070283860007946,0.017095518252361757,0.00650757406836405,0.004126690052051307,1.5485378146951683,0.3516834443555425,0.04442625720642485
0.11691638532018395,0.04509107025390284,0.043435610357846585,0.8690782409664579,0.17348527303507022,0.16514242744506094,0.15530484110146822,0.8685319378711034,0.0016275509867141335,0.06384936742143028,0.04509107025390284,0.043435610357846585,0.11261975641678267,0.04691888041998508
0.001740549496933799,0.0013521839039859203,0.9665294386225621,0.1781043724521327,0.012273882466728501,0.09448850162564837,0.09312957769407841,0.3642919481148107,0.0017395037671571643,0.00030825522509307467,0.0013521839039859203,0.9665294386225621,0.0015955611346662724,0.0748126821912845
0.12512765337688225,0.04285036570566754,2.8687964590106887,1.354370722249715,0.2105421165108688,0.016388595681071046,0.04017774616266108,0.7273469695291189,0.045664607274235935,0.12394895058588568,0.011499582231073883,2.771419664633865,0.346762367454722,0.022410469734719624
0.04659387097652857,0.016589379573840837,2.2690010792397306,0.7778852729302758,0.002148414539353286,0.011395406426552443,0.10337741009444457,0.10308804425199287,0.05951944213361975,0.002148414539353286,0.003541581012983596,2.2690010792397306,0.04876873322989563,0.055251519375921904
0.12145524520671296,0.009820879811359385,1.0744161412967792,0.25342838374386983,0.4415700159738706,0.5348260069687444,0.16997042231472737,0.5772932301062424,0.010164618328484447,0.012513262326876072,0.009820879811359385,1.0744161412967792,0.012585916694802286,0.08936670825725075
0.044822705621715773,0.009260204847529888,1.4844270940676036,0.04287656910373863,0.044822705621715773,0.009260204847529888,0.13308658277734547,0.12561028978674563,0.028646021357334555,0.014621713866374321,0.0026422203987107435,1.4844270940676036,0.009739643173702779,0.015535648061715358
0.05688380385986709,0.056260935333987905,1.0307511415451125,0.16851082399657658,0.6502465611215138,0.5858682656125677,0.052849958394225426,1.280918035244551,0.006161554041553711,0.007318499337108703,0.010472947930997071,0.9696550264444628,0.05233635638934522,0.336030964299482
0.018624195484847738,0.02032953396033886,0.36646825449694775,0.5554810779239047,0.018624195484847738,0.02032953396033886,0.13436919290882882,0.832231777996281,0.06631396328301054,0.014870548795524097,0.02032953396033886,0.36646825449694775,0.2854860971499707,0.03521420036064562
0.051745897848792556,0.054088453093486935,1.0379708264275311,0.22735679363574088,0.5915520189547518,0.6871250827199841,0.2087414147656013,0.6795338500767847,0.0028327728259634837,0.014664003184713585,0.006593630165977594,1.0326492361550805,0.1253845420230234,0.041541577287057
0.018425269201866754,0.031088113710077473,0.021384700761070987,0.7159911920963276,0.5108164982889375,0.4968499107821491,0.03485926866394438,1.022096195140981,0.012784537903466446,0.018425269201866754,0.031088113710077473,0.021384700761070987,0.1907145081815331,0.02796948669864542
0.022741314579046216,0.01126797435720153,1.9959999485940951,0.5601814693579775,0.12902472039437715,0.06672177484281747,0.08829572806869813,0.2892482044504571,0.008046045743957985,0.015986745295109135,0.0013150396033223216,1.9959999485940951,0.24567473589079847,0.003667234967994682
0.14448603331168106,0.07875526610192049,1.7771334849807903,0.3136827514601165,0.10738486019657416,0.10837790594799789,0.07047151706718502,0.11197728685543543,0.12317319480309727,0.001087934773609324,0.0011172376587584758,1.7771334849807903,0.028474241615487023,0.057587729453908346
0.14974854533734752,0.14762210457847183,0.7822589669352508,0.4147549178909201,0.6486310892474351,0.5517294479469126,0.10455871769905194,1.1167081520646538,0.012267537103580724,0.04787223119014718,0.07605854685985253,0.7266162000696391,0.08836157488130857,0.13803901518664644
0.08069676045260776,0.08069676045260776,2.3576516500492404,0.7925851031069443,0.007216960009460222,0.07630289770930784,0.17390149208368239,0.016268016801482328,0.07902462168164867,0.007216960009460222,0.009479389911121952,2.3576516500492404,0.016268016801482328,0.12652060574497537
0.19579351219706545,0.17689352681408876,1.877288853390519,0.49625111842449615,0.2620315833049191,0.18431474610923265,0.0689017140152789,1.8566129434274121,0.011672246574931076,0.052815196745254554,0.09626606434804105,0.31387630517552684,0.4030103484801766,0.1669466462422181
0.3423642254179353,0.006518802485200826,2.80585874814974,1.3432577305594335,0.10644259126098637,0.07365871262156172,0.0046219265382113125,0.4274758106707232,0.0632070468678511,0.10644259126098637,0.0038246899245730484,2.800103678338675,0.18885455915714225,0.013165063690710983
0.10711518851686766,0.06562420599474594,0.7912642482986215,0.31460194128943497,0.7846034771938701,0.6817026268972012,0.14063471786839848,1.083038464348296,0.00044911342661045,0.0735520145405019,0.002736226313651118,0.7340441338241991,0.2129315678548219,0.10014923588448887
0.18026662634120572,0.08638848952744257,1.8978053676934783,0.397106485632185,0.35068203786463936,0.2691208658560868,0.00623232476257354,1.9113086971366369,0.006080786241693841,0.0023762518045829448,0.02524410398927445,0.414382772889736,0.27425817640633804,0.0769161614705322
0.0773549803464257,0.07697930144941531,1.417313624844908,0.07856755804920516,0.4396475573206349,0.44162027150225114,0.15661234429506543,0.4256315585038287,0.04527003851741699,0.005693775853851353,0.013357873683353692,1.417313624844908,0.011152019565050096,0.20850506945784933
0.0007858436569177123,0.0007858436569177123,0.0911290054706214,0.5988594101752611,0.629218011538368,0.5797328150137782,0.004435159932709161,0.9710572977765286,0.0007717414496556193,0.000653733547490908,0.0007858436569177123,0.0911290054706214,0.1034060596524449,0.008566288964069125
0.03893174866913776,0.03893174866913776,0.12458352689897781,0.7232132927578953,0.03893174866913776,0.03893174866913776,0.024652548262886747,0.722654886328529,0.001374359141223787,0.03669867197166295,0.03893174866913776,0.12458352689897781,0.1344124034730132,0.08324813200113468
0.0861832417698184,0.03156022957622912,1.3936133253306808,0.6023103103005547,0.08861708902236656,0.04679278883620176,0.0038139449577368817,0.5398700338967473,0.042296321865636755,0.029151231921960015,0.02991187124541298,1.3936133253306808,0.529042782186068,0.026229054947888887
0.12326397871515839,0.0750155871412111,0.9421730285322115,0.27309633375190884,0.8539642324665481,0.7761753423476203,0.04759273978859142,1.0827447501523761,0.002376106487342324,0.0024049682336426564,0.01896316329797559,0.8936876869876542,0.08759022378890971,0.17460784030782425
0.11698639997179001,0.11575924356779321,1.9630315390561042,0.4860542204203769,0.07070551760089097,0.07016095464126101,0.05063183471711503,0.17100243005618002,0.047949879618539276,0.0006208325364898586,0.04147668332208509,1.9482410008867928,0.17100243005618002,0.22771775982969747
0.12718250256688413,0.09242662785452202,0.8049626390611598,0.130867852153104,0.43822399387707484,0.5040643662183049,0.1521057392304223,0.43822399387707484,0.01979343818925543,0.0044936727759788435,0.0038631830670534757,0.8049626390611598,0.130867852153104,0.10224476325215347
0.1051541394310679,0.09786216504443569,0.9193866666494621,0.23833004417868645,0.010344509002684014,0.005119876379335645,0.0301069182159396,0.6725374555708716,0.001160089476469796,0.010104838297445478,0.005119876379335645,0.9193866666494621,0.07424952113890161,0.09348535100322382
0.09827326692755677,0.08233402902679243,0.30637903822944595,0.6176373995315496,0.4928925403925489,0.5014159373868778,0.011722558664967164,0.7435222710277455,0.006300342685578511,0.017990398754400175,0.006996646600467221,0.24631775554732063,0.23613518029835043,0.27484375633553815
0.21744754255157758,0.11376324915345506,1.743615234872992,0.26617493732220404,0.10432008746060857,0.17507550043255157,0.1406192598530458,0.08967483989370349,0.08703752375173988,0.0077040001308626245,0.003224417976376302,1.743615234872992,0.042746793824158795,0.09251731501312238
0.03378803797252337,0.0005633829812830337,2.222972249923585,0.6140518311733292,0.010914544644348118,0.0005633829812830337,0.11378447716439241,0.13501059595069445,0.006242124473545577,0.010914544644348118,0.0005633829812830337,2.222972249923585,0.04562291754074627,0.019485834756273503
0.06278376545604018,0.03837606289359335,1.5499488117287108,0.4530917709976775,0.007322406746338295,0.04360317017857703,0.029056321497435474,0.4522652122025907,0.0007033409678746227,0.007322406746338295,0.030188840395829707,1.5499488117287108,0.4264806237258775,0.029056321497435474
0.25403897884489746,0.12129144813577455,0.5856225683316412,0.7758309379296039,0.32566146319480904,0.3203653567233415,0.062124900932581516,0.7118128068800957,0.02229083491704916,0.014977583652894522,0.05799175097485032,0.5856225683316412,0.3579133181182336,0.1366636228078891
0.0652548407969679,0.06516686025618634,1.9444014279598996,0.19646999461888917,0.050706400290367847,0.04118686958534426,0.09755721389798283,0.13692514751907497,0.011819036644189726,0.025236987472465493,0.014310809301607124,1.9444014279598996,0.13692514751907497,0.09755721389798283
0.23628549008268326,0.12886397845324513,0.6399483918715962,0.8309296121198223,0.26885372646125344,0.30643640901844804,0.040295269691536365,0.7204592583143585,0.009501308302012521,0.003027393503823735,0.026071142277881994,0.6399483918715962,0.39658299290161375,0.11651146517204178
0.07070982270331064,0.014468503367074378,2.08868513030055,0.5507643677044862,0.13524254407427527,0.11514800367726445,0.0020441285205562406,0.2039868924800592,0.004479035131100046,0.07070982270331064,0.014468503367074378,2.08868513030055,0.15941139995504794,0.056771420988682715
0.0776758957529174,0.0776758957529174,0.6721889533366002,0.16034772854477872,0.13669427892085131,0.11304797037753808,0.16693538628766938,0.695219325005706,0.046298657419987614,0.016815776919365928,0.004319914039035459,0.6721889533366002,0.060988330487735214,0.07509702103713661
0.1734932290889242,0.016922436946599156,2.889558799732738,1.3848313135652517,0.1861244469444342,0.016922436946599156,0.0027377339490670433,0.6948338826594863,0.020024837609967375,0.1726177062439128,0.016922436946599156,2.8270397770663402,0.3396067167344712,0.03733654070830197
0.07131113510270287,0.06363089674263196,1.3456864145358407,0.08203083938046937,0.7241483389651743,0.7250270451154758,0.14954194935354168,1.1052693232142048,0.001817282206644961,0.004981570110991262,0.021536189814323262,1.2916611431217042,0.08203083938046937,0.3982622989407948
0.08005065882528423,8.53347278590248e-05,1.4791582570340953,0.2877300515740122,0.2983615728032168,0.30036469118391373,0.03159564588230294,1.518223874445864,0.0061599780678355835,0.044205702733072436,8.53347278590248e-05,0.939129719196376,0.05587538500143506,0.03692452857057759
0.2654465067457496,0.27081783987298125,1.009713566894277,0.7950521349773522,0.04082383614824465,0.025204884275657213,0.20956687280409805,0.9997861571884996,0.0006373718312067755,0.009868951140788507,0.010142420132157498,1.009713566894277,0.5123410156313106,0.2747859227581102
0.04065529733982677,0.04065529733982677,0.694373163488568,0.20003487844195703,0.8670227279900814,0.7753506115114474,0.20287597861531484,0.9759168141062636,0.00029237370271733356,0.021393271723378186,0.026619265176064905,0.6432804520766584,0.16394890225317932,0.06842905202313956
0.054448875806240825,0.035049705087468346,2.121939535808683,0.5900131698939065,0.08345415336910715,0.06920150809959959,0.022091039057099783,0.19198258962340564,0.015660680614654556,0.054448875806240825,0.035049705087468346,2.121939535808683,0.09835922634716494,0.108611690614404
0.0010781003209097413,0.028422532600545135,2.0225652015861018,0.3744819614878181,0.2976924946528532,0.29714676157254266,0.010505983446581558,0.6689070257216064,0.005879641483585763,0.0010781003209097413,0.028422532600545135,1.8190573290393934,0.13928275970087345,0.0971100027733067
0.2163916973473125,0.20873707679983458,1.0130795098566787,0.42420991047397083,0.04208822791835732,0.04178595772192702,0.04572721961152595,0.6252957755785039,0.0017865221495736122,0.0008323208708385722,0.026421594219868408,1.0130795098566787,0.16091512984380682,0.20076371285235806
0.010918873983042652,0.007529285481519092,0.20916325050491802,0.5564646261784725,0.011105457873222082,0.007529285481519092,0.012905396106123299,0.5563976427677356,0.005493008838604016,0.010918873983042652,0.007529285481519092,0.17468219972052734,0.09374883574007394,0.5351106112509709
0.002065575907828671,0.022280277866903026,0.05318786630900923,0.7772535613166419,0.1359186341938339,0.18384706195976033,0.08675029737445246,0.8052414744153976,0.0057329817528794244,0.002065575907828671,0.022280277866903026,0.05318786630900923,0.16357499422298497,0.023719562410734675
0.09631991989811371,0.05790635955528106,1.8632983259991571,0.36561140267783965,0.025880976907531106,0.030113528591427633,0.06725469433531454,0.2292358709268295,0.06789417429703738,0.006462062116758523,0.01871702570057773,1.8457454854331479,0.07092942593925704,0.2624442567243259
0.002341368244205205,0.000623467253200486,0.627898494663732,0.7251079384859348,0.06559486781449492,0.0842230325709959,0.08413300611005882,0.7780765059802555,0.0030958883164954364,0.002341368244205205,0.000623467253200486,0.627898494663732,0.0035399954575946126,0.003031329084244972
0.029865823424766198,0.006262255634035849,0.9107940474381115,0.5532559578257439,0.10668652183780217,0.14828455620962794,0.18312437148974522,0.3846926959561117,0.06257608890332246,0.02861889798356178,0.006262255634035849,0.9107940474381115,0.2379924418508959,0.03955573760535752
0.003868611162029784,0.01189413407730032,0.12891563126739292,0.3871018550880968,0.07503643516085866,0.004654072310416357,0.18871176364880068,0.38389468345352795,0.006949105309821023,0.003868611162029784,0.01189413407730032,0.12891563126739292,0.26521042358440244,0.012182181687057812
0.13258362617107464,0.0915301709824375,0.6099884814074287,0.2182183089611709,0.19876879377613588,0.12187750161805908,0.28431671362806965,0.6185279146556392,0.017532868970189637,0.010824672382968328,0.013863315141418605,0.6099884814074287,0.12819635434651025,0.05172169472545858
0.11383407110899141,0.06963980469762725,0.16916284166333995,0.6171145148277128,0.7324911821527722,0.6965326346531082,0.21361031096120742,0.7403331641859449,0.013358957077652769,0.05363453229920202,0.03567294325826292,0.16916284166333995,0.16014311550169538,0.12476059467040543
0.1435168952645636,0.11174459084890898,1.701710860667515,0.24850030522777058,0.11868022813764265,0.1366250535990721,0.17001313074318414,0.2260639335421071,0.008314171601631155,0.018459178386401837,0.009464528197001693,1.6871004523834938,0.048883638331526355,0.14875246785098792
0.09227850526897276,0.10240594567067633,0.003778508315063342,0.7070382980789249,0.20990911578796387,0.16460884801656755,0.026074893734093284,0.7053848780343414,0.0009688646754238878,0.0802508244302529,0.10240594567067633,0.003778508315063342,0.10888558847752541,0.10441560547757588
0.03380522597745437,0.03149554574573145,1.394045633820951,0.06488403635624057,0.4088994144171114,0.471745202692564,0.09494991225967798,0.4489887755599287,0.007169876517275031,0.008750616260146024,0.022142305536795148,1.391395850269873,0.03903422897686689,0.15780632095766667
0.037781062362026746,0.01966415001121377,1.8992622122463614,0.3073787666510162,0.018869149733649285,0.02450939978125225,0.03606184635365672,0.2920531533641853,0.0009322807174843563,0.002671581406779851,0.002901564842993822,1.8992622122463614,0.2656787896192528,0.026692640581554967
0.026927395175762224,0.0011229406540150485,1.2126652392474508,0.4712673201160041,0.06964372140811163,0.07929394928155471,0.03317840308855648,0.49159289395683314,0.0010854751213997514,0.02054832043305905,0.0011229406540150485,1.2126652392474508,0.2007959696599738,0.031189954568427092
0.008197226550883794,0.005225542945968765,1.142777167695019,0.43363091394661785,0.034386049043354905,0.0889534476337593,0.0195597087667956,0.05208097487392001,0.026923613906884167,0.008072307339150476,0.005225542945968765,1.142777167695019,0.03866317239957366,0.011132395442640705
0.025299882671151845,0.05492817518649725,1.8719934235802842,0.21633407978746902,0.8176336211489263,0.8174371263684285,0.03100286107462401,1.1582230144113412,0.002346903846971513,0.025299882671151845,0.05492817518649725,1.2478581625061493,0.031168604872874914,0.06298492808551341
0.03488468136202925,0.03345242907252308,2.1965279522597005,0.17537070048814848,0.03488468136202925,0.017764526543969678,0.05047307225709765,0.14974044761971203,0.012305099710605151,0.031606987236133435,0.016383252169813664,2.1965279522597005,0.10585821788599001,0.02680570912763853
0.0944668776913965,0.07618044879256876,1.0347138660997073,0.3352161997643705,0.9052143498068497,0.9246344972517196,0.12771063588687395,0.9986666357496321,0.00026401084942529634,0.0010899925977001293,0.03269434663462278,0.9965753134727261,0.11779529898724575,0.07035768876698739
0.012311486727897255,0.032089645950758645,0.04300981884032373,0.1390277649444802,0.060123693851188605,0.04841563249883343,0.06932295942001677,0.41930504100516014,0.0019794711952804385,0.012311486727897255,0.032089645950758645,0.04300981884032373,0.1390277649444802,0.022434927795442726
0.08337847778004834,0.02401341531648837,2.062326204014882,0.34610504247299223,0.4719125944181165,0.4719125944181165,0.1564717810070846,0.8734067254400689,0.00565855753223107,0.03856634215999933,0.00040120172012362177,1.6320847287500804,0.3344478291893594,0.07086045262116014
0.0709223822233654,0.035259087149867925,0.2724972229235333,0.40932532429730495,0.07270882104342917,0.037910737751105275,0.06326204336195086,0.42216497877188053,0.06146291147018968,0.07078227554541931,0.035259087149867925,0.2724972229235333,0.40932532429730495,0.16336214949481273
0.2562382468899095,0.14943192321129548,1.1814656935193875,0.6009889647765336,0.048591920434693375,0.03658450905835534,0.1319947704038587,1.227374361044457,0.005283603358975907,0.030255254881797023,0.008765276620972061,0.9438014432557411,0.3862551927331819,0.29551682267315216
0.155640035474752,0.043007307464436775,2.2213269347034594,0.5207511959966892,0.3291335169174055,0.3291335169174055,0.03928886957404551,0.8789847220872191,0.023516627355265655,0.07209943979358058,0.010880147341736347,1.750097413072425,0.30182240498235513,0.1924784600947908
0.04097494229682909,0.01717840621466541,0.09773613280804737,0.6240336660570329,0.04097494229682909,0.01717840621466541,0.030569572184445296,0.6192022913400652,0.10037575072856812,0.03390396095796433,0.01717840621466541,0.09773613280804737,0.3916411883400911,0.10959691648691729
0.021613963805944256,0.02466506369013315,2.002474242707615,0.12347343494150458,0.019780875263314717,0.06448923995829052,0.044148076273857806,0.09434171707187829,0.020786123526892804,0.019780875263314717,0.015320839015975491,2.002474242707615,0.0656886165192921,0.01784478499589683
0.06094370258187675,0.047235729287840644,1.7050505863284178,0.21155529073103577,0.036375453352057954,0.05795691601701086,0.03728112927763736,0.2106243289015266,0.004013974258723813,0.0006211973997804895,0.007268112120068652,1.7050505863284178,0.13284966961907443,0.051944949074673584
0.07310423656620399,0.09708590557691638,1.4752143674274798,0.011554620707092268,0.6109420523788553,0.6128581205927439,0.041754962100904625,0.7495919559586058,0.010863564328002387,0.023073613487561238,0.0013355514293021489,1.4375843712797387,0.011554620707092268,0.062462427190026884
0.19214525486268713,0.03562611534907964,2.900283840360741,1.398439960783907,0.18596343737335114,0.03573966755945273,0.0178998638456292,0.688934400251426,0.035034552251694065,0.18596343737335114,0.03562611534907964,2.846250503439078,0.34370496670343964,0.055483674399397775
0.1947511612057031,0.1395452341827093,0.43799221347059897,0.4890401316519041,0.4866448481212227,0.3729459502468685,0.09586361495633564,0.8008071613233024,0.046988544456996524,0.007674977114372273,0.07933849493882641,0.43799221347059897,0.20296275421103602,0.1295616208145422
0.1289449541664635,0.1197386843324711,1.9412532777607543,0.43975907844831214,0.32829767928246506,0.152290998439347,0.10748234152712205,1.923480441692973,0.009706184662219638,0.10410507454080305,0.1197386843324711,0.2962327419919657,0.36422510126235064,0.10961263548971785
0.11443115432408954,0.10457676657443364,1.2197220446391481,0.2278379287373769,0.5285815512733438,0.5829717248571321,0.01383691061896483,0.6123564069021716,0.002145616762500355,0.021469479323756445,0.04217148992836412,1.2197220446391481,0.03780654627304912,0.09550446853546954
0.3078147516632514,0.061078977677181824,1.4061304349635597,0.6539195593492784,0.049331428887040826,0.03958280369975032,0.10259079585539271,1.4177236934509068,0.0002748593837814706,0.010749497505208561,0.012380483535430416,0.7197535770867437,0.4575477088610962,0.1465464820990925
0.1674543411794904,0.16642332452980516,0.8646790524691379,0.34950599441116226,0.6446521952006073,0.5442584457940899,0.179532276948702,1.1894737726302367,0.00024601769725554287,0.05357489427712062,0.06541524155952784,0.8033007088901446,0.13732656669862192,0.18847839308284967
0.12438277836110706,0.09028734503915731,1.3565646741355484,0.15920664389852623,0.40249230784634993,0.4032880461702487,0.14275195952171527,1.4203373526387517,0.0035844167887099493,0.02300978046217202,0.02300978046217202,1.0925146165680821,0.005427403435256587,0.08164648163231154
0.015164437048601917,0.04382032605983842,1.256651762282085,0.24466174721999806,0.10673875069806771,0.0958483056513248,0.013439407628674896,0.32046188133235426,0.009333754421562118,0.014808738903391051,0.04382032605983842,1.256651762282085,0.18261617287133944,0.09992629207470333
0.01989252611561893,0.016004543300512514,1.092429786357115,0.42828313969225384,0.10131673936224452,0.11616997200682048,0.051232605801593674,0.10131673936224452,0.030683005721557688,0.015689661297490127,0.015898234188336108,1.092429786357115,0.01572571397660643,0.021880581376178227
0.06332722996307966,0.098566143260766,0.06313613773137107,0.6218766001976952,0.4573239378750574,0.4527289702090026,0.2290289275168051,1.0984525820469773,3.661993561341973e-05,0.036272128910494986,0.098566143260766,0.06313613773137107,0.3350594648996303,0.07498001774107985
0.13402078684464433,0.015253270470444754,0.09822251166251937,0.4488744268427161,0.6475102018229886,0.43485475966412346,0.10017537214328351,1.0049674235441273,0.00623780851057943,0.0323927422164481,0.015253270470444754,0.09822251166251937,0.08302316056683996,0.00476120911150704
0.06356381319767279,0.06356381319767279,1.7183214344710394,0.5743019841011161,0.005193364802786188,0.06356381319767279,0.008113614199411782,0.2339532828840451,0.005285881878496951,0.005193364802786188,0.001733851861907412,1.7183214344710394,0.22117022986970505,0.07388853434498693
0.1191981113181975,0.07400756257264332,2.14432035381061,0.4306457255228532,0.8054166765484828,0.8054166765484828,0.2527734750684,1.252256906633214,0.001462101543186589,0.0196595516909764,0.07400756257264332,1.2746358120130397,0.25055104633492764,0.0846030007258261
0.059944030336848746,0.059944030336848746,0.9570258880719399,0.12887162925232795,0.04210982278669228,0.1764853173006938,0.16285005188568222,0.4688453150920216,0.0038864273725320387,0.013471881335972442,0.0013520553748129157,0.9570258880719399,0.008391747411395832,0.08859972406594976
0.020492965692679638,0.06595221816686632,0.019390770649259113,0.622558754862372,0.45940748291699246,0.45809185018853804,0.15242431415777696,1.0609599094553122,0.0004915922759774371,0.014361754749773163,0.06595221816686632,0.019390770649259113,0.41211056398614343,0.008461668019669858
0.018656333661896746,0.018656333661896746,1.6826813814115822,0.1897500351610335,0.05609863896513268,0.08198551606735176,0.018952316562042798,0.17315578008803187,0.0026538920820262284,7.818499449239856e-05,0.00043504875605291895,1.6826813814115822,0.09269266400282465,0.013768221766180958
0.12713559719917053,0.11385265002059117,1.2992695842381081,0.11385265002059117,0.4861550280876114,0.48635099970346324,0.10049571217932064,1.3554036367334177,0.004978594356477209,0.00511092937388011,0.022149709157254227,1.1892622942412896,0.012359429297338392,0.1484498093230782
0.022080230995846464,0.008512624021540701,0.006431423257102964,0.26888807148658095,0.017842762266791014,0.08517184192817447,0.0652331423731904,0.3546246724719634,0.0014494240143480691,0.022080230995846464,0.008512624021540701,0.006431423257102964,0.2508787600402956,0.00375876329225592
